solid OpenSCAD_Model
  facet normal -0.397147894709394 -0.9177546239207385 0
    outer loop
      vertex 49.69081673026085 32.43764156848192 3.4
      vertex 50.97364178299904 31.882513590157032 5
      vertex 49.69081673026085 32.43764156848192 5
    endloop
  endfacet
  facet normal -0.5620833782043282 -0.8270805740352085 0
    outer loop
      vertex 53.422212325036526 30.53640054911375 3.4
      vertex 54.57829441130161 29.750727973878384 5
      vertex 53.422212325036526 30.53640054911375 5
    endloop
  endfacet
  facet normal -0.45399049799098085 -0.8910065250793068 0
    outer loop
      vertex 50.97364178299904 31.882513590157032 3.4
      vertex 52.219078704714775 31.24793178588152 5
      vertex 50.97364178299904 31.882513590157032 5
    endloop
  endfacet
  facet normal 0 0 1
    outer loop
      vertex 1.5 11.25 3.4
      vertex 4.5 11.25 3.4
      vertex 2.75 13 3.4
    endloop
  endfacet
  facet normal 0 0 1
    outer loop
      vertex 45.34117824584246 31.886161223053932 3.4
      vertex 46.597958497703075 31.605237551033497 3.4
      vertex 48.37566626816988 32.911124870181084 3.4
    endloop
  endfacet
  facet normal 0 0 1
    outer loop
      vertex 151.25 12 3.4
      vertex 149.5 10.25 3.4
      vertex 151.25 2.5 3.4
    endloop
  endfacet
  facet normal 0 0 1
    outer loop
      vertex 149.5 4.25 3.4
      vertex 151.25 2.5 3.4
      vertex 149.5 10.25 3.4
    endloop
  endfacet
  facet normal 0 -1 0
    outer loop
      vertex 151.25 12 5
      vertex 63.74226685613394 12 3.4
      vertex 151.25 12 3.4
    endloop
  endfacet
  facet normal 0 -1 0
    outer loop
      vertex 63.74226685613394 12 5
      vertex 63.74226685613394 12 3.4
      vertex 151.25 12 5
    endloop
  endfacet
  facet normal 0 1 0
    outer loop
      vertex 151.25 2.5 3.4
      vertex -0.25 2.5 5
      vertex 151.25 2.5 5
    endloop
  endfacet
  facet normal 0 0 1
    outer loop
      vertex 62.046398878097534 10.25 3.4
      vertex 149.5 10.25 3.4
      vertex 151.25 12 3.4
    endloop
  endfacet
  facet normal 0 0 1
    outer loop
      vertex 63.74226685613394 12 3.4
      vertex 62.046398878097534 10.25 3.4
      vertex 151.25 12 3.4
    endloop
  endfacet
  facet normal 0 0 1
    outer loop
      vertex -0.25 2.5 3.4
      vertex 151.25 2.5 3.4
      vertex 149.5 4.25 3.4
    endloop
  endfacet
  facet normal -0.27899110692595974 -0.960293685419324 0
    outer loop
      vertex 47.033380687236786 33.30109488219023 3.4
      vertex 48.37566626816988 32.911124870181084 5
      vertex 47.033380687236786 33.30109488219023 5
    endloop
  endfacet
  facet normal -0.33873792068373876 -0.9408807687963748 0
    outer loop
      vertex 48.37566626816988 32.911124870181084 3.4
      vertex 49.69081673026085 32.43764156848192 5
      vertex 48.37566626816988 32.911124870181084 5
    endloop
  endfacet
  facet normal -0.2181432418041011 -0.9759167618476472 0
    outer loop
      vertex 45.6692573800683 33.60601256787777 3.4
      vertex 47.033380687236786 33.30109488219023 5
      vertex 45.6692573800683 33.60601256787777 5
    endloop
  endfacet
  facet normal -0.7071067811865475 -0.7071067811865475 0
    outer loop
      vertex 56.73125759512186 27.969641931355 3.4
      vertex 57.719641931355 26.98125759512186 5
      vertex 56.73125759512186 27.969641931355 5
    endloop
  endfacet
  facet normal -0.7901550108722558 -0.6129070555911924 0
    outer loop
      vertex 58.6440147459507 25.932762444019318 3.4
      vertex 59.500727973878384 24.828294411301613 5
      vertex 58.6440147459507 25.932762444019318 5
    endloop
  endfacet
  facet normal -0.7501110712696697 -0.6613118634643327 0
    outer loop
      vertex 57.719641931355 26.98125759512186 3.4
      vertex 58.6440147459507 25.932762444019318 5
      vertex 57.719641931355 26.98125759512186 5
    endloop
  endfacet
  facet normal -0.6613118634643327 -0.7501110712696697 0
    outer loop
      vertex 55.68276244401932 28.8940147459507 3.4
      vertex 56.73125759512186 27.969641931355 5
      vertex 55.68276244401932 28.8940147459507 5
    endloop
  endfacet
  facet normal -0.8270805740352085 -0.5620833782043282 0
    outer loop
      vertex 59.500727973878384 24.828294411301613 3.4
      vertex 60.28640054911375 23.672212325036526 5
      vertex 59.500727973878384 24.828294411301613 5
    endloop
  endfacet
  facet normal -0.8607420278828265 -0.5090414142642614 0
    outer loop
      vertex 60.99793178588152 22.469078704714775 5
      vertex 60.28640054911375 23.672212325036526 3.4
      vertex 60.99793178588152 22.469078704714775 3.4
    endloop
  endfacet
  facet normal -0.8910065250793068 -0.45399049799098085 0
    outer loop
      vertex 61.63251359015703 21.22364178299904 5
      vertex 60.99793178588152 22.469078704714775 3.4
      vertex 61.63251359015703 21.22364178299904 3.4
    endloop
  endfacet
  facet normal -0.9177546239207385 -0.397147894709394 0
    outer loop
      vertex 62.18764156848192 19.94081673026085 5
      vertex 61.63251359015703 21.22364178299904 3.4
      vertex 62.18764156848192 19.94081673026085 3.4
    endloop
  endfacet
  facet normal -0.5090414142642614 -0.8607420278828265 0
    outer loop
      vertex 53.422212325036526 30.53640054911375 5
      vertex 52.219078704714775 31.24793178588152 3.4
      vertex 53.422212325036526 30.53640054911375 3.4
    endloop
  endfacet
  facet normal -0.5620833782043282 -0.8270805740352085 0
    outer loop
      vertex 54.57829441130161 29.750727973878384 5
      vertex 53.422212325036526 30.53640054911375 3.4
      vertex 54.57829441130161 29.750727973878384 3.4
    endloop
  endfacet
  facet normal -0.397147894709394 -0.9177546239207385 0
    outer loop
      vertex 50.97364178299904 31.882513590157032 5
      vertex 49.69081673026085 32.43764156848192 3.4
      vertex 50.97364178299904 31.882513590157032 3.4
    endloop
  endfacet
  facet normal -0.33873792068373876 -0.9408807687963748 0
    outer loop
      vertex 49.69081673026085 32.43764156848192 5
      vertex 48.37566626816988 32.911124870181084 3.4
      vertex 49.69081673026085 32.43764156848192 3.4
    endloop
  endfacet
  facet normal -0.45399049799098085 -0.8910065250793068 0
    outer loop
      vertex 52.219078704714775 31.24793178588152 5
      vertex 50.97364178299904 31.882513590157032 3.4
      vertex 52.219078704714775 31.24793178588152 3.4
    endloop
  endfacet
  facet normal -0.27899110692595974 -0.960293685419324 0
    outer loop
      vertex 48.37566626816988 32.911124870181084 5
      vertex 47.033380687236786 33.30109488219023 3.4
      vertex 48.37566626816988 32.911124870181084 3.4
    endloop
  endfacet
  facet normal -0.2181432418041011 -0.9759167618476472 0
    outer loop
      vertex 47.033380687236786 33.30109488219023 5
      vertex 45.6692573800683 33.60601256787777 3.4
      vertex 47.033380687236786 33.30109488219023 3.4
    endloop
  endfacet
  facet normal -0.7071067811865475 -0.7071067811865475 0
    outer loop
      vertex 57.719641931355 26.98125759512186 5
      vertex 56.73125759512186 27.969641931355 3.4
      vertex 57.719641931355 26.98125759512186 3.4
    endloop
  endfacet
  facet normal -0.7901550108722558 -0.6129070555911924 0
    outer loop
      vertex 59.500727973878384 24.828294411301613 5
      vertex 58.6440147459507 25.932762444019318 3.4
      vertex 59.500727973878384 24.828294411301613 3.4
    endloop
  endfacet
  facet normal -0.7501110712696697 -0.6613118634643327 0
    outer loop
      vertex 58.6440147459507 25.932762444019318 5
      vertex 57.719641931355 26.98125759512186 3.4
      vertex 58.6440147459507 25.932762444019318 3.4
    endloop
  endfacet
  facet normal -0.6613118634643327 -0.7501110712696697 0
    outer loop
      vertex 56.73125759512186 27.969641931355 5
      vertex 55.68276244401932 28.8940147459507 3.4
      vertex 56.73125759512186 27.969641931355 3.4
    endloop
  endfacet
  facet normal -0.6129070555911924 -0.7901550108722558 0
    outer loop
      vertex 55.68276244401932 28.8940147459507 5
      vertex 54.57829441130161 29.750727973878384 3.4
      vertex 55.68276244401932 28.8940147459507 3.4
    endloop
  endfacet
  facet normal -0.8270805740352085 -0.5620833782043282 0
    outer loop
      vertex 60.28640054911375 23.672212325036526 5
      vertex 59.500727973878384 24.828294411301613 3.4
      vertex 60.28640054911375 23.672212325036526 3.4
    endloop
  endfacet
  facet normal -0.960293685419324 -0.27899110692595974 0
    outer loop
      vertex 62.661124870181084 18.62566626816988 3.4
      vertex 63.05109488219023 17.283380687236786 5
      vertex 62.661124870181084 18.62566626816988 5
    endloop
  endfacet
  facet normal -0.9408807687963748 -0.33873792068373876 0
    outer loop
      vertex 62.18764156848192 19.94081673026085 3.4
      vertex 62.661124870181084 18.62566626816988 5
      vertex 62.18764156848192 19.94081673026085 5
    endloop
  endfacet
  facet normal -0.9759167618476472 -0.2181432418041011 0
    outer loop
      vertex 63.05109488219023 17.283380687236786 3.4
      vertex 63.35601256787777 15.919257380068302 5
      vertex 63.05109488219023 17.283380687236786 5
    endloop
  endfacet
  facet normal -0.987688340818921 -0.15643446362731903 0
    outer loop
      vertex 63.35601256787777 15.919257380068302 3.4
      vertex 63.57467455416918 14.538679920136929 5
      vertex 63.35601256787777 15.919257380068302 5
    endloop
  endfacet
  facet normal -0.9955619647978257 -0.094108311258323 0
    outer loop
      vertex 63.57467455416918 14.538679920136929 3.4
      vertex 63.706217885017395 13.147096805274487 5
      vertex 63.57467455416918 14.538679920136929 5
    endloop
  endfacet
  facet normal -0.9995065603182279 -0.031410760589717646 0
    outer loop
      vertex 63.706217885017395 13.147096805274487 3.4
      vertex 63.74226685613394 12 5
      vertex 63.706217885017395 13.147096805274487 5
    endloop
  endfacet
  facet normal -0.9408807687963748 -0.33873792068373876 0
    outer loop
      vertex 62.661124870181084 18.62566626816988 5
      vertex 62.18764156848192 19.94081673026085 3.4
      vertex 62.661124870181084 18.62566626816988 3.4
    endloop
  endfacet
  facet normal -0.960293685419324 -0.27899110692595974 0
    outer loop
      vertex 63.05109488219023 17.283380687236786 5
      vertex 62.661124870181084 18.62566626816988 3.4
      vertex 63.05109488219023 17.283380687236786 3.4
    endloop
  endfacet
  facet normal -0.9759167618476472 -0.2181432418041011 0
    outer loop
      vertex 63.35601256787777 15.919257380068302 5
      vertex 63.05109488219023 17.283380687236786 3.4
      vertex 63.35601256787777 15.919257380068302 3.4
    endloop
  endfacet
  facet normal -0.987688340818921 -0.15643446362731903 0
    outer loop
      vertex 63.57467455416918 14.538679920136929 5
      vertex 63.35601256787777 15.919257380068302 3.4
      vertex 63.57467455416918 14.538679920136929 3.4
    endloop
  endfacet
  facet normal -0.9955619647978257 -0.094108311258323 0
    outer loop
      vertex 63.706217885017395 13.147096805274487 5
      vertex 63.57467455416918 14.538679920136929 3.4
      vertex 63.706217885017395 13.147096805274487 3.4
    endloop
  endfacet
  facet normal -0.9995065603182279 -0.031410760589717646 0
    outer loop
      vertex 63.74226685613394 12 5
      vertex 63.706217885017395 13.147096805274487 3.4
      vertex 63.74226685613394 12 3.4
    endloop
  endfacet
  facet normal 0 1 0
    outer loop
      vertex 151.25 2.5 3.4
      vertex -0.25 2.5 3.4
      vertex -0.25 2.5 5
    endloop
  endfacet
  facet normal -0.15643446362731903 -0.987688340818921 0
    outer loop
      vertex 44.28867992013693 33.82467455416918 3.4
      vertex 45.6692573800683 33.60601256787777 5
      vertex 44.28867992013693 33.82467455416918 5
    endloop
  endfacet
  facet normal -0.094108311258323 -0.9955619647978257 0
    outer loop
      vertex 42.89709680527449 33.956217885017395 3.4
      vertex 44.28867992013693 33.82467455416918 5
      vertex 42.89709680527449 33.956217885017395 5
    endloop
  endfacet
  facet normal -0.03141075898377088 -0.9995065603686968 0
    outer loop
      vertex 41.50392731279135 34 3.4
      vertex 42.89709680527449 33.956217885017395 5
      vertex 41.50392731279135 34 5
    endloop
  endfacet
  facet normal 0 -1 0
    outer loop
      vertex 5.75 34 3.4
      vertex 41.50392731279135 34 5
      vertex 5.75 34 5
    endloop
  endfacet
  facet normal -0.15643446362731903 -0.987688340818921 0
    outer loop
      vertex 45.6692573800683 33.60601256787777 5
      vertex 44.28867992013693 33.82467455416918 3.4
      vertex 45.6692573800683 33.60601256787777 3.4
    endloop
  endfacet
  facet normal -0.094108311258323 -0.9955619647978257 0
    outer loop
      vertex 44.28867992013693 33.82467455416918 5
      vertex 42.89709680527449 33.956217885017395 3.4
      vertex 44.28867992013693 33.82467455416918 3.4
    endloop
  endfacet
  facet normal -0.03141075898377088 -0.9995065603686968 0
    outer loop
      vertex 42.89709680527449 33.956217885017395 5
      vertex 41.50392731279135 34 3.4
      vertex 42.89709680527449 33.956217885017395 3.4
    endloop
  endfacet
  facet normal 0 -1 0
    outer loop
      vertex 41.50392731279135 34 5
      vertex 5.75 34 3.4
      vertex 41.50392731279135 34 3.4
    endloop
  endfacet
  facet normal 0 0 1
    outer loop
      vertex 60.99793178588152 22.469078704714775 3.4
      vertex 59.463638022542 21.625593535602093 3.4
      vertex 61.63251359015703 21.22364178299904 3.4
    endloop
  endfacet
  facet normal 0 0 1
    outer loop
      vertex 60.04828452318907 20.478160180151463 3.4
      vertex 62.18764156848192 19.94081673026085 3.4
      vertex 61.63251359015703 21.22364178299904 3.4
    endloop
  endfacet
  facet normal 0 0 1
    outer loop
      vertex 60.04828452318907 20.478160180151463 3.4
      vertex 60.55972945690155 19.296280674636364 3.4
      vertex 62.18764156848192 19.94081673026085 3.4
    endloop
  endfacet
  facet normal 0 0 1
    outer loop
      vertex 52.48405256867409 29.058097183704376 3.4
      vertex 54.57829441130161 29.750727973878384 3.4
      vertex 53.422212325036526 30.53640054911375 3.4
    endloop
  endfacet
  facet normal 0 0 1
    outer loop
      vertex 50.22816018015146 30.298284523189068 3.4
      vertex 52.219078704714775 31.24793178588152 3.4
      vertex 50.97364178299904 31.882513590157032 3.4
    endloop
  endfacet
  facet normal 0 0 1
    outer loop
      vertex 51.37559353560209 29.713638022542 3.4
      vertex 53.422212325036526 30.53640054911375 3.4
      vertex 52.219078704714775 31.24793178588152 3.4
    endloop
  endfacet
  facet normal 0 0 1
    outer loop
      vertex 51.37559353560209 29.713638022542 3.4
      vertex 52.48405256867409 29.058097183704376 3.4
      vertex 53.422212325036526 30.53640054911375 3.4
    endloop
  endfacet
  facet normal 0 0 1
    outer loop
      vertex 50.22816018015146 30.298284523189068 3.4
      vertex 51.37559353560209 29.713638022542 3.4
      vertex 52.219078704714775 31.24793178588152 3.4
    endloop
  endfacet
  facet normal 0 0 1
    outer loop
      vertex 49.046280674636364 30.80972945690155 3.4
      vertex 50.97364178299904 31.882513590157032 3.4
      vertex 49.69081673026085 32.43764156848192 3.4
    endloop
  endfacet
  facet normal 0 0 1
    outer loop
      vertex 49.046280674636364 30.80972945690155 3.4
      vertex 50.22816018015146 30.298284523189068 3.4
      vertex 50.97364178299904 31.882513590157032 3.4
    endloop
  endfacet
  facet normal 0 0 1
    outer loop
      vertex 46.597958497703075 31.605237551033497 3.4
      vertex 49.69081673026085 32.43764156848192 3.4
      vertex 48.37566626816988 32.911124870181084 3.4
    endloop
  endfacet
  facet normal 0 0 1
    outer loop
      vertex 45.34117824584246 31.886161223053932 3.4
      vertex 48.37566626816988 32.911124870181084 3.4
      vertex 47.033380687236786 33.30109488219023 3.4
    endloop
  endfacet
  facet normal -0.5090414142642614 -0.8607420278828265 0
    outer loop
      vertex 52.219078704714775 31.24793178588152 3.4
      vertex 53.422212325036526 30.53640054911375 5
      vertex 52.219078704714775 31.24793178588152 5
    endloop
  endfacet
  facet normal 0 0 1
    outer loop
      vertex 44.06923849880695 32.08761668205261 3.4
      vertex 47.033380687236786 33.30109488219023 3.4
      vertex 45.6692573800683 33.60601256787777 3.4
    endloop
  endfacet
  facet normal 0 0 1
    outer loop
      vertex 47.83461956679821 31.245954297482967 3.4
      vertex 49.046280674636364 30.80972945690155 3.4
      vertex 49.69081673026085 32.43764156848192 3.4
    endloop
  endfacet
  facet normal 0 0 1
    outer loop
      vertex 46.597958497703075 31.605237551033497 3.4
      vertex 47.83461956679821 31.245954297482967 3.4
      vertex 49.69081673026085 32.43764156848192 3.4
    endloop
  endfacet
  facet normal 0 0 1
    outer loop
      vertex 56.443317010998726 25.782708771526814 3.4
      vertex 58.6440147459507 25.932762444019318 3.4
      vertex 57.719641931355 26.98125759512186 3.4
    endloop
  endfacet
  facet normal 0 0 1
    outer loop
      vertex 57.29495092481375 24.816719710826874 3.4
      vertex 59.500727973878384 24.828294411301613 3.4
      vertex 58.6440147459507 25.932762444019318 3.4
    endloop
  endfacet
  facet normal 0 0 1
    outer loop
      vertex 56.443317010998726 25.782708771526814 3.4
      vertex 57.29495092481375 24.816719710826874 3.4
      vertex 58.6440147459507 25.932762444019318 3.4
    endloop
  endfacet
  facet normal 0 0 1
    outer loop
      vertex 55.53270877152681 26.693317010998726 3.4
      vertex 57.719641931355 26.98125759512186 3.4
      vertex 56.73125759512186 27.969641931355 3.4
    endloop
  endfacet
  facet normal 0 0 1
    outer loop
      vertex 54.566719710826874 27.544950924813747 3.4
      vertex 56.73125759512186 27.969641931355 3.4
      vertex 55.68276244401932 28.8940147459507 3.4
    endloop
  endfacet
  facet normal 0 0 1
    outer loop
      vertex 54.566719710826874 27.544950924813747 3.4
      vertex 55.53270877152681 26.693317010998726 3.4
      vertex 56.73125759512186 27.969641931355 3.4
    endloop
  endfacet
  facet normal 0 0 1
    outer loop
      vertex 53.54916235804558 28.334249317646027 3.4
      vertex 55.68276244401932 28.8940147459507 3.4
      vertex 54.57829441130161 29.750727973878384 3.4
    endloop
  endfacet
  facet normal 0 0 1
    outer loop
      vertex 53.54916235804558 28.334249317646027 3.4
      vertex 54.566719710826874 27.544950924813747 3.4
      vertex 55.68276244401932 28.8940147459507 3.4
    endloop
  endfacet
  facet normal 0 0 1
    outer loop
      vertex 52.48405256867409 29.058097183704376 3.4
      vertex 53.54916235804558 28.334249317646027 3.4
      vertex 54.57829441130161 29.750727973878384 3.4
    endloop
  endfacet
  facet normal 0 0 1
    outer loop
      vertex 55.53270877152681 26.693317010998726 3.4
      vertex 56.443317010998726 25.782708771526814 3.4
      vertex 57.719641931355 26.98125759512186 3.4
    endloop
  endfacet
  facet normal 0 0 1
    outer loop
      vertex 58.08424931764603 23.799162358045578 3.4
      vertex 60.28640054911375 23.672212325036526 3.4
      vertex 59.500727973878384 24.828294411301613 3.4
    endloop
  endfacet
  facet normal 0 0 1
    outer loop
      vertex 58.808097183704376 22.734052568674088 3.4
      vertex 60.28640054911375 23.672212325036526 3.4
      vertex 58.08424931764603 23.799162358045578 3.4
    endloop
  endfacet
  facet normal 0 0 1
    outer loop
      vertex 58.808097183704376 22.734052568674088 3.4
      vertex 60.99793178588152 22.469078704714775 3.4
      vertex 60.28640054911375 23.672212325036526 3.4
    endloop
  endfacet
  facet normal 0 0 1
    outer loop
      vertex 58.808097183704376 22.734052568674088 3.4
      vertex 59.463638022542 21.625593535602093 3.4
      vertex 60.99793178588152 22.469078704714775 3.4
    endloop
  endfacet
  facet normal 0 0 1
    outer loop
      vertex 57.29495092481375 24.816719710826874 3.4
      vertex 58.08424931764603 23.799162358045578 3.4
      vertex 59.500727973878384 24.828294411301613 3.4
    endloop
  endfacet
  facet normal 0 0 1
    outer loop
      vertex 60.04828452318907 20.478160180151463 3.4
      vertex 61.63251359015703 21.22364178299904 3.4
      vertex 59.463638022542 21.625593535602093 3.4
    endloop
  endfacet
  facet normal 0 0 1
    outer loop
      vertex 60.55972945690155 19.296280674636364 3.4
      vertex 62.661124870181084 18.62566626816988 3.4
      vertex 62.18764156848192 19.94081673026085 3.4
    endloop
  endfacet
  facet normal 0 0 1
    outer loop
      vertex 60.99595429748297 18.08461956679821 3.4
      vertex 62.661124870181084 18.62566626816988 3.4
      vertex 60.55972945690155 19.296280674636364 3.4
    endloop
  endfacet
  facet normal 0 0 1
    outer loop
      vertex 60.99595429748297 18.08461956679821 3.4
      vertex 63.05109488219023 17.283380687236786 3.4
      vertex 62.661124870181084 18.62566626816988 3.4
    endloop
  endfacet
  facet normal 0 0 1
    outer loop
      vertex 61.3552375510335 16.847958497703075 3.4
      vertex 63.05109488219023 17.283380687236786 3.4
      vertex 60.99595429748297 18.08461956679821 3.4
    endloop
  endfacet
  facet normal 0 0 1
    outer loop
      vertex 61.3552375510335 16.847958497703075 3.4
      vertex 63.35601256787777 15.919257380068302 3.4
      vertex 63.05109488219023 17.283380687236786 3.4
    endloop
  endfacet
  facet normal 0 0 1
    outer loop
      vertex 61.63616122305393 15.591178245842457 3.4
      vertex 63.57467455416918 14.538679920136929 3.4
      vertex 63.35601256787777 15.919257380068302 3.4
    endloop
  endfacet
  facet normal 0 0 1
    outer loop
      vertex 61.63616122305393 15.591178245842457 3.4
      vertex 63.35601256787777 15.919257380068302 3.4
      vertex 61.3552375510335 16.847958497703075 3.4
    endloop
  endfacet
  facet normal 0 0 1
    outer loop
      vertex 61.63616122305393 15.591178245842457 3.4
      vertex 61.83761668205261 14.319238498806953 3.4
      vertex 63.57467455416918 14.538679920136929 3.4
    endloop
  endfacet
  facet normal 0 0 1
    outer loop
      vertex 61.83761668205261 14.319238498806953 3.4
      vertex 63.706217885017395 13.147096805274487 3.4
      vertex 63.57467455416918 14.538679920136929 3.4
    endloop
  endfacet
  facet normal 0 0 1
    outer loop
      vertex 61.95880886912346 13.037159070372581 3.4
      vertex 63.706217885017395 13.147096805274487 3.4
      vertex 61.83761668205261 14.319238498806953 3.4
    endloop
  endfacet
  facet normal 0 0 1
    outer loop
      vertex 63.706217885017395 13.147096805274487 3.4
      vertex 61.95880886912346 13.037159070372581 3.4
      vertex 63.74226685613394 12 3.4
    endloop
  endfacet
  facet normal 0 0 1
    outer loop
      vertex 61.95880886912346 13.037159070372581 3.4
      vertex 62.046398878097534 10.25 3.4
      vertex 63.74226685613394 12 3.4
    endloop
  endfacet
  facet normal 0 0 1
    outer loop
      vertex 149.5 4.25 3.4
      vertex 1.5 4.25 3.4
      vertex -0.25 2.5 3.4
    endloop
  endfacet
  facet normal 0 0 1
    outer loop
      vertex 41.47643621265888 32.25 3.4
      vertex 45.6692573800683 33.60601256787777 3.4
      vertex 44.28867992013693 33.82467455416918 3.4
    endloop
  endfacet
  facet normal 0 0 1
    outer loop
      vertex 44.06923849880695 32.08761668205261 3.4
      vertex 45.34117824584246 31.886161223053932 3.4
      vertex 47.033380687236786 33.30109488219023 3.4
    endloop
  endfacet
  facet normal 0 0 1
    outer loop
      vertex 42.787159062922 32.20880886912346 3.4
      vertex 44.06923849880695 32.08761668205261 3.4
      vertex 45.6692573800683 33.60601256787777 3.4
    endloop
  endfacet
  facet normal 0 0 1
    outer loop
      vertex 41.47643621265888 32.25 3.4
      vertex 42.787159062922 32.20880886912346 3.4
      vertex 45.6692573800683 33.60601256787777 3.4
    endloop
  endfacet
  facet normal 0 0 1
    outer loop
      vertex 7.5 32.25 3.4
      vertex 44.28867992013693 33.82467455416918 3.4
      vertex 42.89709680527449 33.956217885017395 3.4
    endloop
  endfacet
  facet normal 0 0 1
    outer loop
      vertex 42.89709680527449 33.956217885017395 3.4
      vertex 41.50392731279135 34 3.4
      vertex 7.5 32.25 3.4
    endloop
  endfacet
  facet normal 0 0 1
    outer loop
      vertex 7.5 32.25 3.4
      vertex 41.47643621265888 32.25 3.4
      vertex 44.28867992013693 33.82467455416918 3.4
    endloop
  endfacet
  facet normal 0 0 1
    outer loop
      vertex 5.75 34 3.4
      vertex 7.5 32.25 3.4
      vertex 41.50392731279135 34 3.4
    endloop
  endfacet
  facet normal -0.6129070555911924 -0.7901550108722558 0
    outer loop
      vertex 54.57829441130161 29.750727973878384 3.4
      vertex 55.68276244401932 28.8940147459507 5
      vertex 54.57829441130161 29.750727973878384 5
    endloop
  endfacet
  facet normal -0.9177546239207385 -0.397147894709394 0
    outer loop
      vertex 61.63251359015703 21.22364178299904 3.4
      vertex 62.18764156848192 19.94081673026085 5
      vertex 61.63251359015703 21.22364178299904 5
    endloop
  endfacet
  facet normal -0.8910065250793068 -0.45399049799098085 0
    outer loop
      vertex 60.99793178588152 22.469078704714775 3.4
      vertex 61.63251359015703 21.22364178299904 5
      vertex 60.99793178588152 22.469078704714775 5
    endloop
  endfacet
  facet normal 1 0 0
    outer loop
      vertex 5.75 25 3.4
      vertex 5.75 34 5
      vertex 5.75 25 5
    endloop
  endfacet
  facet normal 0 -1 0
    outer loop
      vertex 2.75 25 3.4
      vertex 5.75 25 5
      vertex 2.75 25 5
    endloop
  endfacet
  facet normal -0.8607420278828265 -0.5090414142642614 0
    outer loop
      vertex 60.28640054911375 23.672212325036526 3.4
      vertex 60.99793178588152 22.469078704714775 5
      vertex 60.28640054911375 23.672212325036526 5
    endloop
  endfacet
  facet normal 1 0 0
    outer loop
      vertex 5.75 34 5
      vertex 5.75 25 3.4
      vertex 5.75 34 3.4
    endloop
  endfacet
  facet normal 0 -1 0
    outer loop
      vertex 5.75 25 5
      vertex 2.75 25 3.4
      vertex 5.75 25 3.4
    endloop
  endfacet
  facet normal 1 0 0
    outer loop
      vertex 2.75 25 5
      vertex 2.75 13 3.4
      vertex 2.75 25 3.4
    endloop
  endfacet
  facet normal 1 0 0
    outer loop
      vertex 2.75 13 3.4
      vertex 2.75 25 5
      vertex 2.75 13 5
    endloop
  endfacet
  facet normal 0 -1 0
    outer loop
      vertex -0.25 13 3.4
      vertex 2.75 13 5
      vertex -0.25 13 5
    endloop
  endfacet
  facet normal 1 0 0
    outer loop
      vertex -0.25 2.5 3.4
      vertex -0.25 13 5
      vertex -0.25 2.5 5
    endloop
  endfacet
  facet normal 0 -1 0
    outer loop
      vertex 2.75 13 5
      vertex -0.25 13 3.4
      vertex 2.75 13 3.4
    endloop
  endfacet
  facet normal 1 0 0
    outer loop
      vertex -0.25 13 5
      vertex -0.25 2.5 3.4
      vertex -0.25 13 3.4
    endloop
  endfacet
  facet normal 0 0 1
    outer loop
      vertex 7.5 23.25 3.4
      vertex 7.5 32.25 3.4
      vertex 5.75 34 3.4
    endloop
  endfacet
  facet normal 0 0 1
    outer loop
      vertex 5.75 25 3.4
      vertex 7.5 23.25 3.4
      vertex 5.75 34 3.4
    endloop
  endfacet
  facet normal 0 0 1
    outer loop
      vertex 4.5 23.25 3.4
      vertex 7.5 23.25 3.4
      vertex 5.75 25 3.4
    endloop
  endfacet
  facet normal 0 0 1
    outer loop
      vertex 2.75 25 3.4
      vertex 4.5 23.25 3.4
      vertex 5.75 25 3.4
    endloop
  endfacet
  facet normal 0 0 1
    outer loop
      vertex 4.5 11.25 3.4
      vertex 4.5 23.25 3.4
      vertex 2.75 25 3.4
    endloop
  endfacet
  facet normal 0 0 1
    outer loop
      vertex 2.75 25 3.4
      vertex 2.75 13 3.4
      vertex 4.5 11.25 3.4
    endloop
  endfacet
  facet normal 0 0 1
    outer loop
      vertex 2.75 13 3.4
      vertex -0.25 13 3.4
      vertex 1.5 11.25 3.4
    endloop
  endfacet
  facet normal 0 0 1
    outer loop
      vertex 1.5 4.25 3.4
      vertex 1.5 11.25 3.4
      vertex -0.25 13 3.4
    endloop
  endfacet
  facet normal -1 0 0
    outer loop
      vertex 151.25 2.5 5
      vertex 151.25 12 3.4
      vertex 151.25 2.5 3.4
    endloop
  endfacet
  facet normal -1 0 0
    outer loop
      vertex 151.25 12 3.4
      vertex 151.25 2.5 5
      vertex 151.25 12 5
    endloop
  endfacet
  facet normal 0 0 1
    outer loop
      vertex -0.25 13 3.4
      vertex -0.25 2.5 3.4
      vertex 1.5 4.25 3.4
    endloop
  endfacet
  facet normal 1 0 0
    outer loop
      vertex 1.5 11.25 0
      vertex 1.5 11.25 3.4
      vertex 1.5 4.25 0
    endloop
  endfacet
  facet normal 1 0 0
    outer loop
      vertex 4.5 23.25 0
      vertex 4.5 23.25 3.4
      vertex 4.5 11.25 0
    endloop
  endfacet
  facet normal -0.6129070550889784 -0.7901550112618131 0
    outer loop
      vertex 53.54916235804558 28.334249317646027 3.4
      vertex 53.54916235804558 28.334249317646027 0
      vertex 54.566719710826874 27.544950924813747 3.4
    endloop
  endfacet
  facet normal -0.21814324328054996 -0.9759167615176217 0
    outer loop
      vertex 45.34117824584246 31.886161223053932 3.4
      vertex 45.34117824584246 31.886161223053932 0
      vertex 46.597958497703075 31.605237551033497 3.4
    endloop
  endfacet
  facet normal -1 0 0
    outer loop
      vertex 149.5 10.25 3.4
      vertex 149.5 10.25 0
      vertex 149.5 4.25 3.4
    endloop
  endfacet
  facet normal -1 0 0
    outer loop
      vertex 149.5 4.25 0
      vertex 149.5 4.25 3.4
      vertex 149.5 10.25 0
    endloop
  endfacet
  facet normal 0 -1 0
    outer loop
      vertex 62.046398878097534 10.25 3.4
      vertex 149.5 10.25 0
      vertex 149.5 10.25 3.4
    endloop
  endfacet
  facet normal 0 1 0
    outer loop
      vertex 149.5 4.25 3.4
      vertex 149.5 4.25 0
      vertex 1.5 4.25 3.4
    endloop
  endfacet
  facet normal -0.5090414123474293 -0.8607420290164381 0
    outer loop
      vertex 51.37559353560209 29.713638022542 3.4
      vertex 51.37559353560209 29.713638022542 0
      vertex 52.48405256867409 29.058097183704376 3.4
    endloop
  endfacet
  facet normal -0.4539905024805069 -0.8910065227917789 0
    outer loop
      vertex 50.22816018015146 30.298284523189068 3.4
      vertex 50.22816018015146 30.298284523189068 0
      vertex 51.37559353560209 29.713638022542 3.4
    endloop
  endfacet
  facet normal -0.39714789141689844 -0.9177546253455285 0
    outer loop
      vertex 49.046280674636364 30.80972945690155 3.4
      vertex 49.046280674636364 30.80972945690155 0
      vertex 50.22816018015146 30.298284523189068 3.4
    endloop
  endfacet
  facet normal -0.3387379200494694 -0.9408807690247257 0
    outer loop
      vertex 47.83461956679821 31.245954297482967 3.4
      vertex 47.83461956679821 31.245954297482967 0
      vertex 49.046280674636364 30.80972945690155 3.4
    endloop
  endfacet
  facet normal -0.27899110625662293 -0.9602936856137843 0
    outer loop
      vertex 46.597958497703075 31.605237551033497 3.4
      vertex 46.597958497703075 31.605237551033497 0
      vertex 47.83461956679821 31.245954297482967 3.4
    endloop
  endfacet
  facet normal -0.6613118643984689 -0.7501110704461181 0
    outer loop
      vertex 54.566719710826874 27.544950924813747 3.4
      vertex 54.566719710826874 27.544950924813747 0
      vertex 55.53270877152681 26.693317010998726 3.4
    endloop
  endfacet
  facet normal -0.7071067811865475 -0.7071067811865475 0
    outer loop
      vertex 55.53270877152681 26.693317010998726 3.4
      vertex 55.53270877152681 26.693317010998726 0
      vertex 56.443317010998726 25.782708771526814 3.4
    endloop
  endfacet
  facet normal -0.7501110704461181 -0.6613118643984689 0
    outer loop
      vertex 56.443317010998726 25.782708771526814 3.4
      vertex 56.443317010998726 25.782708771526814 0
      vertex 57.29495092481375 24.816719710826874 3.4
    endloop
  endfacet
  facet normal -0.8607420290164381 -0.5090414123474293 0
    outer loop
      vertex 58.808097183704376 22.734052568674088 3.4
      vertex 58.808097183704376 22.734052568674088 0
      vertex 59.463638022542 21.625593535602093 3.4
    endloop
  endfacet
  facet normal -0.8270805740329072 -0.5620833782077146 0
    outer loop
      vertex 58.08424931764603 23.799162358045578 3.4
      vertex 58.08424931764603 23.799162358045578 0
      vertex 58.808097183704376 22.734052568674088 3.4
    endloop
  endfacet
  facet normal -0.7901550112618131 -0.6129070550889784 0
    outer loop
      vertex 57.29495092481375 24.816719710826874 3.4
      vertex 57.29495092481375 24.816719710826874 0
      vertex 58.08424931764603 23.799162358045578 3.4
    endloop
  endfacet
  facet normal -0.8910065227917789 -0.4539905024805069 0
    outer loop
      vertex 59.463638022542 21.625593535602093 3.4
      vertex 59.463638022542 21.625593535602093 0
      vertex 60.04828452318907 20.478160180151463 3.4
    endloop
  endfacet
  facet normal -0.9177546253455285 -0.39714789141689844 0
    outer loop
      vertex 60.04828452318907 20.478160180151463 3.4
      vertex 60.04828452318907 20.478160180151463 0
      vertex 60.55972945690155 19.296280674636364 3.4
    endloop
  endfacet
  facet normal -0.5620833782077146 -0.8270805740329072 0
    outer loop
      vertex 52.48405256867409 29.058097183704376 3.4
      vertex 52.48405256867409 29.058097183704376 0
      vertex 53.54916235804558 28.334249317646027 3.4
    endloop
  endfacet
  facet normal -0.9408807690247257 -0.3387379200494694 0
    outer loop
      vertex 60.55972945690155 19.296280674636364 3.4
      vertex 60.55972945690155 19.296280674636364 0
      vertex 60.99595429748297 18.08461956679821 3.4
    endloop
  endfacet
  facet normal -0.9602936856137843 -0.27899110625662293 0
    outer loop
      vertex 60.99595429748297 18.08461956679821 3.4
      vertex 60.99595429748297 18.08461956679821 0
      vertex 61.3552375510335 16.847958497703075 3.4
    endloop
  endfacet
  facet normal -0.9759167615176217 -0.21814324328054996 0
    outer loop
      vertex 61.3552375510335 16.847958497703075 3.4
      vertex 61.3552375510335 16.847958497703075 0
      vertex 61.63616122305393 15.591178245842457 3.4
    endloop
  endfacet
  facet normal -0.9876883413104618 -0.1564344605238523 0
    outer loop
      vertex 61.63616122305393 15.591178245842457 3.4
      vertex 61.63616122305393 15.591178245842457 0
      vertex 61.83761668205261 14.319238498806953 3.4
    endloop
  endfacet
  facet normal -0.9955619646539071 -0.09410831278081926 0
    outer loop
      vertex 61.83761668205261 14.319238498806953 3.4
      vertex 61.83761668205261 14.319238498806953 0
      vertex 61.95880886912346 13.037159070372581 3.4
    endloop
  endfacet
  facet normal -0.9995065602922865 -0.031410761415187345 0
    outer loop
      vertex 61.95880886912346 13.037159070372581 3.4
      vertex 61.95880886912346 13.037159070372581 0
      vertex 62.046398878097534 10.25 3.4
    endloop
  endfacet
  facet normal -0.1564344605238523 -0.9876883413104618 0
    outer loop
      vertex 44.06923849880695 32.08761668205261 3.4
      vertex 44.06923849880695 32.08761668205261 0
      vertex 45.34117824584246 31.886161223053932 3.4
    endloop
  endfacet
  facet normal -0.09410831223876874 -0.995561964705146 0
    outer loop
      vertex 42.787159062922 32.20880886912346 3.4
      vertex 42.787159062922 32.20880886912346 0
      vertex 44.06923849880695 32.08761668205261 3.4
    endloop
  endfacet
  facet normal -0.03141076355381144 -0.9995065602250777 0
    outer loop
      vertex 41.47643621265888 32.25 3.4
      vertex 41.47643621265888 32.25 0
      vertex 42.787159062922 32.20880886912346 3.4
    endloop
  endfacet
  facet normal 0 -1 0
    outer loop
      vertex 7.5 32.25 3.4
      vertex 7.5 32.25 0
      vertex 41.47643621265888 32.25 3.4
    endloop
  endfacet
  facet normal -0.4539905024805069 -0.8910065227917789 0
    outer loop
      vertex 51.37559353560209 29.713638022542 0
      vertex 51.37559353560209 29.713638022542 3.4
      vertex 50.22816018015146 30.298284523189068 0
    endloop
  endfacet
  facet normal -0.39714789141689844 -0.9177546253455285 0
    outer loop
      vertex 50.22816018015146 30.298284523189068 0
      vertex 50.22816018015146 30.298284523189068 3.4
      vertex 49.046280674636364 30.80972945690155 0
    endloop
  endfacet
  facet normal -0.3387379200494694 -0.9408807690247257 0
    outer loop
      vertex 49.046280674636364 30.80972945690155 0
      vertex 49.046280674636364 30.80972945690155 3.4
      vertex 47.83461956679821 31.245954297482967 0
    endloop
  endfacet
  facet normal -0.27899110625662293 -0.9602936856137843 0
    outer loop
      vertex 47.83461956679821 31.245954297482967 0
      vertex 47.83461956679821 31.245954297482967 3.4
      vertex 46.597958497703075 31.605237551033497 0
    endloop
  endfacet
  facet normal -0.21814324328054996 -0.9759167615176217 0
    outer loop
      vertex 46.597958497703075 31.605237551033497 0
      vertex 46.597958497703075 31.605237551033497 3.4
      vertex 45.34117824584246 31.886161223053932 0
    endloop
  endfacet
  facet normal -0.7501110704461181 -0.6613118643984689 0
    outer loop
      vertex 57.29495092481375 24.816719710826874 0
      vertex 57.29495092481375 24.816719710826874 3.4
      vertex 56.443317010998726 25.782708771526814 0
    endloop
  endfacet
  facet normal -0.5620833782077146 -0.8270805740329072 0
    outer loop
      vertex 53.54916235804558 28.334249317646027 0
      vertex 53.54916235804558 28.334249317646027 3.4
      vertex 52.48405256867409 29.058097183704376 0
    endloop
  endfacet
  facet normal -0.6129070550889784 -0.7901550112618131 0
    outer loop
      vertex 54.566719710826874 27.544950924813747 0
      vertex 54.566719710826874 27.544950924813747 3.4
      vertex 53.54916235804558 28.334249317646027 0
    endloop
  endfacet
  facet normal -0.7071067811865475 -0.7071067811865475 0
    outer loop
      vertex 56.443317010998726 25.782708771526814 0
      vertex 56.443317010998726 25.782708771526814 3.4
      vertex 55.53270877152681 26.693317010998726 0
    endloop
  endfacet
  facet normal -0.6613118643984689 -0.7501110704461181 0
    outer loop
      vertex 55.53270877152681 26.693317010998726 0
      vertex 55.53270877152681 26.693317010998726 3.4
      vertex 54.566719710826874 27.544950924813747 0
    endloop
  endfacet
  facet normal -0.7901550112618131 -0.6129070550889784 0
    outer loop
      vertex 58.08424931764603 23.799162358045578 0
      vertex 58.08424931764603 23.799162358045578 3.4
      vertex 57.29495092481375 24.816719710826874 0
    endloop
  endfacet
  facet normal -0.8270805740329072 -0.5620833782077146 0
    outer loop
      vertex 58.808097183704376 22.734052568674088 0
      vertex 58.808097183704376 22.734052568674088 3.4
      vertex 58.08424931764603 23.799162358045578 0
    endloop
  endfacet
  facet normal -0.8910065227917789 -0.4539905024805069 0
    outer loop
      vertex 60.04828452318907 20.478160180151463 0
      vertex 60.04828452318907 20.478160180151463 3.4
      vertex 59.463638022542 21.625593535602093 0
    endloop
  endfacet
  facet normal -0.8607420290164381 -0.5090414123474293 0
    outer loop
      vertex 59.463638022542 21.625593535602093 0
      vertex 59.463638022542 21.625593535602093 3.4
      vertex 58.808097183704376 22.734052568674088 0
    endloop
  endfacet
  facet normal -0.9177546253455285 -0.39714789141689844 0
    outer loop
      vertex 60.55972945690155 19.296280674636364 0
      vertex 60.55972945690155 19.296280674636364 3.4
      vertex 60.04828452318907 20.478160180151463 0
    endloop
  endfacet
  facet normal -0.5090414123474293 -0.8607420290164381 0
    outer loop
      vertex 52.48405256867409 29.058097183704376 0
      vertex 52.48405256867409 29.058097183704376 3.4
      vertex 51.37559353560209 29.713638022542 0
    endloop
  endfacet
  facet normal -0.9408807690247257 -0.3387379200494694 0
    outer loop
      vertex 60.99595429748297 18.08461956679821 0
      vertex 60.99595429748297 18.08461956679821 3.4
      vertex 60.55972945690155 19.296280674636364 0
    endloop
  endfacet
  facet normal -0.9602936856137843 -0.27899110625662293 0
    outer loop
      vertex 61.3552375510335 16.847958497703075 0
      vertex 61.3552375510335 16.847958497703075 3.4
      vertex 60.99595429748297 18.08461956679821 0
    endloop
  endfacet
  facet normal -0.9759167615176217 -0.21814324328054996 0
    outer loop
      vertex 61.63616122305393 15.591178245842457 0
      vertex 61.63616122305393 15.591178245842457 3.4
      vertex 61.3552375510335 16.847958497703075 0
    endloop
  endfacet
  facet normal -0.9876883413104618 -0.1564344605238523 0
    outer loop
      vertex 61.83761668205261 14.319238498806953 0
      vertex 61.83761668205261 14.319238498806953 3.4
      vertex 61.63616122305393 15.591178245842457 0
    endloop
  endfacet
  facet normal -0.9955619646539071 -0.09410831278081926 0
    outer loop
      vertex 61.95880886912346 13.037159070372581 0
      vertex 61.95880886912346 13.037159070372581 3.4
      vertex 61.83761668205261 14.319238498806953 0
    endloop
  endfacet
  facet normal -0.9995065602922865 -0.031410761415187345 0
    outer loop
      vertex 62.046398878097534 10.25 0
      vertex 62.046398878097534 10.25 3.4
      vertex 61.95880886912346 13.037159070372581 0
    endloop
  endfacet
  facet normal 0 1 0
    outer loop
      vertex 1.5 4.25 0
      vertex 1.5 4.25 3.4
      vertex 149.5 4.25 0
    endloop
  endfacet
  facet normal -0.1564344605238523 -0.9876883413104618 0
    outer loop
      vertex 45.34117824584246 31.886161223053932 0
      vertex 45.34117824584246 31.886161223053932 3.4
      vertex 44.06923849880695 32.08761668205261 0
    endloop
  endfacet
  facet normal -0.09410831223876874 -0.995561964705146 0
    outer loop
      vertex 44.06923849880695 32.08761668205261 0
      vertex 44.06923849880695 32.08761668205261 3.4
      vertex 42.787159062922 32.20880886912346 0
    endloop
  endfacet
  facet normal -0.03141076355381144 -0.9995065602250777 0
    outer loop
      vertex 42.787159062922 32.20880886912346 0
      vertex 42.787159062922 32.20880886912346 3.4
      vertex 41.47643621265888 32.25 0
    endloop
  endfacet
  facet normal 0 -1 0
    outer loop
      vertex 41.47643621265888 32.25 0
      vertex 41.47643621265888 32.25 3.4
      vertex 7.5 32.25 0
    endloop
  endfacet
  facet normal 1 0 0
    outer loop
      vertex 7.5 23.25 3.4
      vertex 7.5 23.25 0
      vertex 7.5 32.25 3.4
    endloop
  endfacet
  facet normal 0 -1 0
    outer loop
      vertex 4.5 23.25 3.4
      vertex 4.5 23.25 0
      vertex 7.5 23.25 3.4
    endloop
  endfacet
  facet normal 1 0 0
    outer loop
      vertex 4.5 11.25 3.4
      vertex 4.5 11.25 0
      vertex 4.5 23.25 3.4
    endloop
  endfacet
  facet normal 0 -1 0
    outer loop
      vertex 1.5 11.25 3.4
      vertex 1.5 11.25 0
      vertex 4.5 11.25 3.4
    endloop
  endfacet
  facet normal 1 0 0
    outer loop
      vertex 1.5 4.25 3.4
      vertex 1.5 4.25 0
      vertex 1.5 11.25 3.4
    endloop
  endfacet
  facet normal 0 -1 0
    outer loop
      vertex 62.046398878097534 10.25 3.4
      vertex 62.046398878097534 10.25 0
      vertex 149.5 10.25 0
    endloop
  endfacet
  facet normal 1 0 0
    outer loop
      vertex 7.5 32.25 0
      vertex 7.5 32.25 3.4
      vertex 7.5 23.25 0
    endloop
  endfacet
  facet normal 0 -1 0
    outer loop
      vertex 7.5 23.25 0
      vertex 7.5 23.25 3.4
      vertex 4.5 23.25 0
    endloop
  endfacet
  facet normal 0 -1 0
    outer loop
      vertex 4.5 11.25 0
      vertex 4.5 11.25 3.4
      vertex 1.5 11.25 0
    endloop
  endfacet
  facet normal 0 0 1
    outer loop
      vertex 61.63251359015703 -21.22364178299904 3.4
      vertex 59.463638022542 -21.625593535602093 3.4
      vertex 60.99793178588152 -22.469078704714775 3.4
    endloop
  endfacet
  facet normal 0 1 0
    outer loop
      vertex 2.75 -13 5
      vertex 2.75 -13 3.4
      vertex -0.25 -13 5
    endloop
  endfacet
  facet normal 0 0 1
    outer loop
      vertex 58.08424931764603 -23.799162358045578 3.4
      vertex 60.28640054911375 -23.672212325036526 3.4
      vertex 58.808097183704376 -22.734052568674088 3.4
    endloop
  endfacet
  facet normal -0.9995065603182279 0.031410760589717646 0
    outer loop
      vertex 63.74226685613394 -12 5
      vertex 63.74226685613394 -12 3.4
      vertex 63.706217885017395 -13.147096805274487 5
    endloop
  endfacet
  facet normal 0 0 1
    outer loop
      vertex 58.808097183704376 -22.734052568674088 3.4
      vertex 60.99793178588152 -22.469078704714775 3.4
      vertex 59.463638022542 -21.625593535602093 3.4
    endloop
  endfacet
  facet normal 0 0 1
    outer loop
      vertex 59.463638022542 -21.625593535602093 3.4
      vertex 61.63251359015703 -21.22364178299904 3.4
      vertex 60.04828452318907 -20.478160180151463 3.4
    endloop
  endfacet
  facet normal -1 0 0
    outer loop
      vertex 151.25 -2.5 5
      vertex 151.25 -2.5 3.4
      vertex 151.25 -12 5
    endloop
  endfacet
  facet normal -1 0 0
    outer loop
      vertex 151.25 -12 3.4
      vertex 151.25 -12 5
      vertex 151.25 -2.5 3.4
    endloop
  endfacet
  facet normal 0 0 1
    outer loop
      vertex 151.25 -2.5 3.4
      vertex 149.5 -10.25 3.4
      vertex 151.25 -12 3.4
    endloop
  endfacet
  facet normal 0 0 1
    outer loop
      vertex 149.5 -10.25 3.4
      vertex 151.25 -2.5 3.4
      vertex 149.5 -4.25 3.4
    endloop
  endfacet
  facet normal 0 1 0
    outer loop
      vertex 151.25 -12 3.4
      vertex 63.74226685613394 -12 3.4
      vertex 151.25 -12 5
    endloop
  endfacet
  facet normal -0.960293685419324 0.27899110692595974 0
    outer loop
      vertex 63.05109488219023 -17.283380687236786 5
      vertex 63.05109488219023 -17.283380687236786 3.4
      vertex 62.661124870181084 -18.62566626816988 5
    endloop
  endfacet
  facet normal -0.9408807687963748 0.33873792068373876 0
    outer loop
      vertex 62.661124870181084 -18.62566626816988 5
      vertex 62.661124870181084 -18.62566626816988 3.4
      vertex 62.18764156848192 -19.94081673026085 5
    endloop
  endfacet
  facet normal 0 1 0
    outer loop
      vertex 63.74226685613394 -12 3.4
      vertex 63.74226685613394 -12 5
      vertex 151.25 -12 5
    endloop
  endfacet
  facet normal 0 -1 0
    outer loop
      vertex 151.25 -2.5 5
      vertex -0.25 -2.5 5
      vertex -0.25 -2.5 3.4
    endloop
  endfacet
  facet normal -0.9995065603182279 0.031410760589717646 0
    outer loop
      vertex 63.706217885017395 -13.147096805274487 3.4
      vertex 63.706217885017395 -13.147096805274487 5
      vertex 63.74226685613394 -12 3.4
    endloop
  endfacet
  facet normal -0.9955619647978257 0.094108311258323 0
    outer loop
      vertex 63.57467455416918 -14.538679920136929 3.4
      vertex 63.57467455416918 -14.538679920136929 5
      vertex 63.706217885017395 -13.147096805274487 3.4
    endloop
  endfacet
  facet normal -0.987688340818921 0.15643446362731903 0
    outer loop
      vertex 63.35601256787777 -15.919257380068302 3.4
      vertex 63.35601256787777 -15.919257380068302 5
      vertex 63.57467455416918 -14.538679920136929 3.4
    endloop
  endfacet
  facet normal -0.9759167618476472 0.2181432418041011 0
    outer loop
      vertex 63.05109488219023 -17.283380687236786 3.4
      vertex 63.05109488219023 -17.283380687236786 5
      vertex 63.35601256787777 -15.919257380068302 3.4
    endloop
  endfacet
  facet normal 0 -1 0
    outer loop
      vertex -0.25 -2.5 3.4
      vertex 151.25 -2.5 3.4
      vertex 151.25 -2.5 5
    endloop
  endfacet
  facet normal 0 0 1
    outer loop
      vertex 62.046398878097534 -10.25 3.4
      vertex 151.25 -12 3.4
      vertex 149.5 -10.25 3.4
    endloop
  endfacet
  facet normal -0.960293685419324 0.27899110692595974 0
    outer loop
      vertex 62.661124870181084 -18.62566626816988 3.4
      vertex 62.661124870181084 -18.62566626816988 5
      vertex 63.05109488219023 -17.283380687236786 3.4
    endloop
  endfacet
  facet normal -0.9408807687963748 0.33873792068373876 0
    outer loop
      vertex 62.18764156848192 -19.94081673026085 3.4
      vertex 62.18764156848192 -19.94081673026085 5
      vertex 62.661124870181084 -18.62566626816988 3.4
    endloop
  endfacet
  facet normal -0.9177546239207385 0.397147894709394 0
    outer loop
      vertex 62.18764156848192 -19.94081673026085 5
      vertex 62.18764156848192 -19.94081673026085 3.4
      vertex 61.63251359015703 -21.22364178299904 5
    endloop
  endfacet
  facet normal -0.8910065250793068 0.45399049799098085 0
    outer loop
      vertex 61.63251359015703 -21.22364178299904 5
      vertex 61.63251359015703 -21.22364178299904 3.4
      vertex 60.99793178588152 -22.469078704714775 5
    endloop
  endfacet
  facet normal 0 0 1
    outer loop
      vertex -0.25 -2.5 3.4
      vertex 149.5 -4.25 3.4
      vertex 151.25 -2.5 3.4
    endloop
  endfacet
  facet normal -0.8607420278828265 0.5090414142642614 0
    outer loop
      vertex 60.99793178588152 -22.469078704714775 5
      vertex 60.99793178588152 -22.469078704714775 3.4
      vertex 60.28640054911375 -23.672212325036526 5
    endloop
  endfacet
  facet normal -0.8270805740352085 0.5620833782043282 0
    outer loop
      vertex 60.28640054911375 -23.672212325036526 5
      vertex 60.28640054911375 -23.672212325036526 3.4
      vertex 59.500727973878384 -24.828294411301613 5
    endloop
  endfacet
  facet normal -0.7901550108722558 0.6129070555911924 0
    outer loop
      vertex 59.500727973878384 -24.828294411301613 5
      vertex 59.500727973878384 -24.828294411301613 3.4
      vertex 58.6440147459507 -25.932762444019318 5
    endloop
  endfacet
  facet normal -0.7501110712696697 0.6613118634643327 0
    outer loop
      vertex 58.6440147459507 -25.932762444019318 5
      vertex 58.6440147459507 -25.932762444019318 3.4
      vertex 57.719641931355 -26.98125759512186 5
    endloop
  endfacet
  facet normal -0.7071067811865475 0.7071067811865475 0
    outer loop
      vertex 57.719641931355 -26.98125759512186 5
      vertex 57.719641931355 -26.98125759512186 3.4
      vertex 56.73125759512186 -27.969641931355 5
    endloop
  endfacet
  facet normal -0.6613118634643327 0.7501110712696697 0
    outer loop
      vertex 56.73125759512186 -27.969641931355 5
      vertex 56.73125759512186 -27.969641931355 3.4
      vertex 55.68276244401932 -28.8940147459507 5
    endloop
  endfacet
  facet normal -0.6129070555911924 0.7901550108722558 0
    outer loop
      vertex 55.68276244401932 -28.8940147459507 5
      vertex 55.68276244401932 -28.8940147459507 3.4
      vertex 54.57829441130161 -29.750727973878384 5
    endloop
  endfacet
  facet normal -0.5620833782043282 0.8270805740352085 0
    outer loop
      vertex 54.57829441130161 -29.750727973878384 5
      vertex 54.57829441130161 -29.750727973878384 3.4
      vertex 53.422212325036526 -30.53640054911375 5
    endloop
  endfacet
  facet normal -0.5090414142642614 0.8607420278828265 0
    outer loop
      vertex 53.422212325036526 -30.53640054911375 5
      vertex 53.422212325036526 -30.53640054911375 3.4
      vertex 52.219078704714775 -31.24793178588152 5
    endloop
  endfacet
  facet normal -0.45399049799098085 0.8910065250793068 0
    outer loop
      vertex 52.219078704714775 -31.24793178588152 5
      vertex 52.219078704714775 -31.24793178588152 3.4
      vertex 50.97364178299904 -31.882513590157032 5
    endloop
  endfacet
  facet normal -0.397147894709394 0.9177546239207385 0
    outer loop
      vertex 50.97364178299904 -31.882513590157032 5
      vertex 50.97364178299904 -31.882513590157032 3.4
      vertex 49.69081673026085 -32.43764156848192 5
    endloop
  endfacet
  facet normal -0.33873792068373876 0.9408807687963748 0
    outer loop
      vertex 49.69081673026085 -32.43764156848192 5
      vertex 49.69081673026085 -32.43764156848192 3.4
      vertex 48.37566626816988 -32.911124870181084 5
    endloop
  endfacet
  facet normal -0.27899110692595974 0.960293685419324 0
    outer loop
      vertex 48.37566626816988 -32.911124870181084 5
      vertex 48.37566626816988 -32.911124870181084 3.4
      vertex 47.033380687236786 -33.30109488219023 5
    endloop
  endfacet
  facet normal -0.2181432418041011 0.9759167618476472 0
    outer loop
      vertex 47.033380687236786 -33.30109488219023 5
      vertex 47.033380687236786 -33.30109488219023 3.4
      vertex 45.6692573800683 -33.60601256787777 5
    endloop
  endfacet
  facet normal -0.9177546239207385 0.397147894709394 0
    outer loop
      vertex 61.63251359015703 -21.22364178299904 3.4
      vertex 61.63251359015703 -21.22364178299904 5
      vertex 62.18764156848192 -19.94081673026085 3.4
    endloop
  endfacet
  facet normal -0.8910065250793068 0.45399049799098085 0
    outer loop
      vertex 60.99793178588152 -22.469078704714775 3.4
      vertex 60.99793178588152 -22.469078704714775 5
      vertex 61.63251359015703 -21.22364178299904 3.4
    endloop
  endfacet
  facet normal -0.8607420278828265 0.5090414142642614 0
    outer loop
      vertex 60.28640054911375 -23.672212325036526 3.4
      vertex 60.28640054911375 -23.672212325036526 5
      vertex 60.99793178588152 -22.469078704714775 3.4
    endloop
  endfacet
  facet normal -0.8270805740352085 0.5620833782043282 0
    outer loop
      vertex 59.500727973878384 -24.828294411301613 3.4
      vertex 59.500727973878384 -24.828294411301613 5
      vertex 60.28640054911375 -23.672212325036526 3.4
    endloop
  endfacet
  facet normal -0.7901550108722558 0.6129070555911924 0
    outer loop
      vertex 58.6440147459507 -25.932762444019318 3.4
      vertex 58.6440147459507 -25.932762444019318 5
      vertex 59.500727973878384 -24.828294411301613 3.4
    endloop
  endfacet
  facet normal -0.7501110712696697 0.6613118634643327 0
    outer loop
      vertex 57.719641931355 -26.98125759512186 3.4
      vertex 57.719641931355 -26.98125759512186 5
      vertex 58.6440147459507 -25.932762444019318 3.4
    endloop
  endfacet
  facet normal -0.7071067811865475 0.7071067811865475 0
    outer loop
      vertex 56.73125759512186 -27.969641931355 3.4
      vertex 56.73125759512186 -27.969641931355 5
      vertex 57.719641931355 -26.98125759512186 3.4
    endloop
  endfacet
  facet normal -0.6613118634643327 0.7501110712696697 0
    outer loop
      vertex 55.68276244401932 -28.8940147459507 3.4
      vertex 55.68276244401932 -28.8940147459507 5
      vertex 56.73125759512186 -27.969641931355 3.4
    endloop
  endfacet
  facet normal -0.6129070555911924 0.7901550108722558 0
    outer loop
      vertex 54.57829441130161 -29.750727973878384 3.4
      vertex 54.57829441130161 -29.750727973878384 5
      vertex 55.68276244401932 -28.8940147459507 3.4
    endloop
  endfacet
  facet normal -0.5620833782043282 0.8270805740352085 0
    outer loop
      vertex 53.422212325036526 -30.53640054911375 3.4
      vertex 53.422212325036526 -30.53640054911375 5
      vertex 54.57829441130161 -29.750727973878384 3.4
    endloop
  endfacet
  facet normal -0.5090414142642614 0.8607420278828265 0
    outer loop
      vertex 52.219078704714775 -31.24793178588152 3.4
      vertex 52.219078704714775 -31.24793178588152 5
      vertex 53.422212325036526 -30.53640054911375 3.4
    endloop
  endfacet
  facet normal -0.45399049799098085 0.8910065250793068 0
    outer loop
      vertex 50.97364178299904 -31.882513590157032 3.4
      vertex 50.97364178299904 -31.882513590157032 5
      vertex 52.219078704714775 -31.24793178588152 3.4
    endloop
  endfacet
  facet normal -0.397147894709394 0.9177546239207385 0
    outer loop
      vertex 49.69081673026085 -32.43764156848192 3.4
      vertex 49.69081673026085 -32.43764156848192 5
      vertex 50.97364178299904 -31.882513590157032 3.4
    endloop
  endfacet
  facet normal -0.33873792068373876 0.9408807687963748 0
    outer loop
      vertex 48.37566626816988 -32.911124870181084 3.4
      vertex 48.37566626816988 -32.911124870181084 5
      vertex 49.69081673026085 -32.43764156848192 3.4
    endloop
  endfacet
  facet normal -0.27899110692595974 0.960293685419324 0
    outer loop
      vertex 47.033380687236786 -33.30109488219023 3.4
      vertex 47.033380687236786 -33.30109488219023 5
      vertex 48.37566626816988 -32.911124870181084 3.4
    endloop
  endfacet
  facet normal -0.2181432418041011 0.9759167618476472 0
    outer loop
      vertex 45.6692573800683 -33.60601256787777 3.4
      vertex 45.6692573800683 -33.60601256787777 5
      vertex 47.033380687236786 -33.30109488219023 3.4
    endloop
  endfacet
  facet normal -0.15643446362731903 0.987688340818921 0
    outer loop
      vertex 45.6692573800683 -33.60601256787777 5
      vertex 45.6692573800683 -33.60601256787777 3.4
      vertex 44.28867992013693 -33.82467455416918 5
    endloop
  endfacet
  facet normal -0.094108311258323 0.9955619647978257 0
    outer loop
      vertex 44.28867992013693 -33.82467455416918 5
      vertex 44.28867992013693 -33.82467455416918 3.4
      vertex 42.89709680527449 -33.956217885017395 5
    endloop
  endfacet
  facet normal -0.03141075898377088 0.9995065603686968 0
    outer loop
      vertex 42.89709680527449 -33.956217885017395 5
      vertex 42.89709680527449 -33.956217885017395 3.4
      vertex 41.50392731279135 -34 5
    endloop
  endfacet
  facet normal 0 1 0
    outer loop
      vertex 41.50392731279135 -34 5
      vertex 41.50392731279135 -34 3.4
      vertex 5.75 -34 5
    endloop
  endfacet
  facet normal -0.15643446362731903 0.987688340818921 0
    outer loop
      vertex 44.28867992013693 -33.82467455416918 3.4
      vertex 44.28867992013693 -33.82467455416918 5
      vertex 45.6692573800683 -33.60601256787777 3.4
    endloop
  endfacet
  facet normal -0.094108311258323 0.9955619647978257 0
    outer loop
      vertex 42.89709680527449 -33.956217885017395 3.4
      vertex 42.89709680527449 -33.956217885017395 5
      vertex 44.28867992013693 -33.82467455416918 3.4
    endloop
  endfacet
  facet normal -0.03141075898377088 0.9995065603686968 0
    outer loop
      vertex 41.50392731279135 -34 3.4
      vertex 41.50392731279135 -34 5
      vertex 42.89709680527449 -33.956217885017395 3.4
    endloop
  endfacet
  facet normal 0 1 0
    outer loop
      vertex 5.75 -34 3.4
      vertex 5.75 -34 5
      vertex 41.50392731279135 -34 3.4
    endloop
  endfacet
  facet normal 0 0 1
    outer loop
      vertex 61.95880886912346 -13.037159070372581 3.4
      vertex 63.74226685613394 -12 3.4
      vertex 62.046398878097534 -10.25 3.4
    endloop
  endfacet
  facet normal 0 0 1
    outer loop
      vertex 61.95880886912346 -13.037159070372581 3.4
      vertex 63.706217885017395 -13.147096805274487 3.4
      vertex 63.74226685613394 -12 3.4
    endloop
  endfacet
  facet normal 0 0 1
    outer loop
      vertex 61.83761668205261 -14.319238498806953 3.4
      vertex 63.57467455416918 -14.538679920136929 3.4
      vertex 63.706217885017395 -13.147096805274487 3.4
    endloop
  endfacet
  facet normal 0 0 1
    outer loop
      vertex 60.04828452318907 -20.478160180151463 3.4
      vertex 61.63251359015703 -21.22364178299904 3.4
      vertex 62.18764156848192 -19.94081673026085 3.4
    endloop
  endfacet
  facet normal 0 0 1
    outer loop
      vertex 61.83761668205261 -14.319238498806953 3.4
      vertex 63.706217885017395 -13.147096805274487 3.4
      vertex 61.95880886912346 -13.037159070372581 3.4
    endloop
  endfacet
  facet normal 0 0 1
    outer loop
      vertex 60.04828452318907 -20.478160180151463 3.4
      vertex 62.18764156848192 -19.94081673026085 3.4
      vertex 60.55972945690155 -19.296280674636364 3.4
    endloop
  endfacet
  facet normal 0 0 1
    outer loop
      vertex 61.63616122305393 -15.591178245842457 3.4
      vertex 63.35601256787777 -15.919257380068302 3.4
      vertex 63.57467455416918 -14.538679920136929 3.4
    endloop
  endfacet
  facet normal 0 0 1
    outer loop
      vertex 61.3552375510335 -16.847958497703075 3.4
      vertex 63.05109488219023 -17.283380687236786 3.4
      vertex 63.35601256787777 -15.919257380068302 3.4
    endloop
  endfacet
  facet normal 0 0 1
    outer loop
      vertex 61.63616122305393 -15.591178245842457 3.4
      vertex 63.57467455416918 -14.538679920136929 3.4
      vertex 61.83761668205261 -14.319238498806953 3.4
    endloop
  endfacet
  facet normal 0 0 1
    outer loop
      vertex 61.63616122305393 -15.591178245842457 3.4
      vertex 61.3552375510335 -16.847958497703075 3.4
      vertex 63.35601256787777 -15.919257380068302 3.4
    endloop
  endfacet
  facet normal 0 0 1
    outer loop
      vertex 60.99595429748297 -18.08461956679821 3.4
      vertex 63.05109488219023 -17.283380687236786 3.4
      vertex 61.3552375510335 -16.847958497703075 3.4
    endloop
  endfacet
  facet normal 0 0 1
    outer loop
      vertex 151.25 -12 3.4
      vertex 62.046398878097534 -10.25 3.4
      vertex 63.74226685613394 -12 3.4
    endloop
  endfacet
  facet normal -0.987688340818921 0.15643446362731903 0
    outer loop
      vertex 63.57467455416918 -14.538679920136929 5
      vertex 63.57467455416918 -14.538679920136929 3.4
      vertex 63.35601256787777 -15.919257380068302 5
    endloop
  endfacet
  facet normal -0.9759167618476472 0.2181432418041011 0
    outer loop
      vertex 63.35601256787777 -15.919257380068302 5
      vertex 63.35601256787777 -15.919257380068302 3.4
      vertex 63.05109488219023 -17.283380687236786 5
    endloop
  endfacet
  facet normal 0 0 1
    outer loop
      vertex 58.08424931764603 -23.799162358045578 3.4
      vertex 59.500727973878384 -24.828294411301613 3.4
      vertex 60.28640054911375 -23.672212325036526 3.4
    endloop
  endfacet
  facet normal -0.9955619647978257 0.094108311258323 0
    outer loop
      vertex 63.706217885017395 -13.147096805274487 5
      vertex 63.706217885017395 -13.147096805274487 3.4
      vertex 63.57467455416918 -14.538679920136929 5
    endloop
  endfacet
  facet normal 0 0 1
    outer loop
      vertex 57.29495092481375 -24.816719710826874 3.4
      vertex 59.500727973878384 -24.828294411301613 3.4
      vertex 58.08424931764603 -23.799162358045578 3.4
    endloop
  endfacet
  facet normal 0 0 1
    outer loop
      vertex 59.500727973878384 -24.828294411301613 3.4
      vertex 57.29495092481375 -24.816719710826874 3.4
      vertex 58.6440147459507 -25.932762444019318 3.4
    endloop
  endfacet
  facet normal 0 0 1
    outer loop
      vertex 56.443317010998726 -25.782708771526814 3.4
      vertex 58.6440147459507 -25.932762444019318 3.4
      vertex 57.29495092481375 -24.816719710826874 3.4
    endloop
  endfacet
  facet normal 0 0 1
    outer loop
      vertex 56.443317010998726 -25.782708771526814 3.4
      vertex 57.719641931355 -26.98125759512186 3.4
      vertex 58.6440147459507 -25.932762444019318 3.4
    endloop
  endfacet
  facet normal 0 0 1
    outer loop
      vertex 55.53270877152681 -26.693317010998726 3.4
      vertex 57.719641931355 -26.98125759512186 3.4
      vertex 56.443317010998726 -25.782708771526814 3.4
    endloop
  endfacet
  facet normal 0 0 1
    outer loop
      vertex 55.53270877152681 -26.693317010998726 3.4
      vertex 56.73125759512186 -27.969641931355 3.4
      vertex 57.719641931355 -26.98125759512186 3.4
    endloop
  endfacet
  facet normal 0 0 1
    outer loop
      vertex 54.566719710826874 -27.544950924813747 3.4
      vertex 56.73125759512186 -27.969641931355 3.4
      vertex 55.53270877152681 -26.693317010998726 3.4
    endloop
  endfacet
  facet normal 0 0 1
    outer loop
      vertex 1.5 -4.25 3.4
      vertex 149.5 -4.25 3.4
      vertex -0.25 -2.5 3.4
    endloop
  endfacet
  facet normal 0 0 1
    outer loop
      vertex 54.566719710826874 -27.544950924813747 3.4
      vertex 55.68276244401932 -28.8940147459507 3.4
      vertex 56.73125759512186 -27.969641931355 3.4
    endloop
  endfacet
  facet normal 0 0 1
    outer loop
      vertex 53.54916235804558 -28.334249317646027 3.4
      vertex 55.68276244401932 -28.8940147459507 3.4
      vertex 54.566719710826874 -27.544950924813747 3.4
    endloop
  endfacet
  facet normal 0 0 1
    outer loop
      vertex 53.54916235804558 -28.334249317646027 3.4
      vertex 54.57829441130161 -29.750727973878384 3.4
      vertex 55.68276244401932 -28.8940147459507 3.4
    endloop
  endfacet
  facet normal 0 0 1
    outer loop
      vertex 52.48405256867409 -29.058097183704376 3.4
      vertex 54.57829441130161 -29.750727973878384 3.4
      vertex 53.54916235804558 -28.334249317646027 3.4
    endloop
  endfacet
  facet normal 0 0 1
    outer loop
      vertex 52.48405256867409 -29.058097183704376 3.4
      vertex 53.422212325036526 -30.53640054911375 3.4
      vertex 54.57829441130161 -29.750727973878384 3.4
    endloop
  endfacet
  facet normal 0 0 1
    outer loop
      vertex 60.55972945690155 -19.296280674636364 3.4
      vertex 62.661124870181084 -18.62566626816988 3.4
      vertex 60.99595429748297 -18.08461956679821 3.4
    endloop
  endfacet
  facet normal 0 0 1
    outer loop
      vertex 51.37559353560209 -29.713638022542 3.4
      vertex 53.422212325036526 -30.53640054911375 3.4
      vertex 52.48405256867409 -29.058097183704376 3.4
    endloop
  endfacet
  facet normal 0 0 1
    outer loop
      vertex 51.37559353560209 -29.713638022542 3.4
      vertex 52.219078704714775 -31.24793178588152 3.4
      vertex 53.422212325036526 -30.53640054911375 3.4
    endloop
  endfacet
  facet normal 0 0 1
    outer loop
      vertex 50.22816018015146 -30.298284523189068 3.4
      vertex 52.219078704714775 -31.24793178588152 3.4
      vertex 51.37559353560209 -29.713638022542 3.4
    endloop
  endfacet
  facet normal 0 0 1
    outer loop
      vertex 50.22816018015146 -30.298284523189068 3.4
      vertex 50.97364178299904 -31.882513590157032 3.4
      vertex 52.219078704714775 -31.24793178588152 3.4
    endloop
  endfacet
  facet normal 0 0 1
    outer loop
      vertex 49.046280674636364 -30.80972945690155 3.4
      vertex 50.97364178299904 -31.882513590157032 3.4
      vertex 50.22816018015146 -30.298284523189068 3.4
    endloop
  endfacet
  facet normal 0 0 1
    outer loop
      vertex 49.046280674636364 -30.80972945690155 3.4
      vertex 49.69081673026085 -32.43764156848192 3.4
      vertex 50.97364178299904 -31.882513590157032 3.4
    endloop
  endfacet
  facet normal 0 0 1
    outer loop
      vertex 47.83461956679821 -31.245954297482967 3.4
      vertex 49.69081673026085 -32.43764156848192 3.4
      vertex 49.046280674636364 -30.80972945690155 3.4
    endloop
  endfacet
  facet normal 0 0 1
    outer loop
      vertex 46.597958497703075 -31.605237551033497 3.4
      vertex 49.69081673026085 -32.43764156848192 3.4
      vertex 47.83461956679821 -31.245954297482967 3.4
    endloop
  endfacet
  facet normal 0 0 1
    outer loop
      vertex 60.99793178588152 -22.469078704714775 3.4
      vertex 58.808097183704376 -22.734052568674088 3.4
      vertex 60.28640054911375 -23.672212325036526 3.4
    endloop
  endfacet
  facet normal 0 0 1
    outer loop
      vertex 45.34117824584246 -31.886161223053932 3.4
      vertex 48.37566626816988 -32.911124870181084 3.4
      vertex 46.597958497703075 -31.605237551033497 3.4
    endloop
  endfacet
  facet normal 0 0 1
    outer loop
      vertex 45.34117824584246 -31.886161223053932 3.4
      vertex 47.033380687236786 -33.30109488219023 3.4
      vertex 48.37566626816988 -32.911124870181084 3.4
    endloop
  endfacet
  facet normal 0 0 1
    outer loop
      vertex 44.06923849880695 -32.08761668205261 3.4
      vertex 45.6692573800683 -33.60601256787777 3.4
      vertex 47.033380687236786 -33.30109488219023 3.4
    endloop
  endfacet
  facet normal 0 0 1
    outer loop
      vertex 44.06923849880695 -32.08761668205261 3.4
      vertex 47.033380687236786 -33.30109488219023 3.4
      vertex 45.34117824584246 -31.886161223053932 3.4
    endloop
  endfacet
  facet normal 0 0 1
    outer loop
      vertex 42.787159062922 -32.20880886912346 3.4
      vertex 45.6692573800683 -33.60601256787777 3.4
      vertex 44.06923849880695 -32.08761668205261 3.4
    endloop
  endfacet
  facet normal 0 0 1
    outer loop
      vertex 41.47643621265888 -32.25 3.4
      vertex 44.28867992013693 -33.82467455416918 3.4
      vertex 45.6692573800683 -33.60601256787777 3.4
    endloop
  endfacet
  facet normal 0 0 1
    outer loop
      vertex 41.47643621265888 -32.25 3.4
      vertex 45.6692573800683 -33.60601256787777 3.4
      vertex 42.787159062922 -32.20880886912346 3.4
    endloop
  endfacet
  facet normal 0 0 1
    outer loop
      vertex 7.5 -32.25 3.4
      vertex 44.28867992013693 -33.82467455416918 3.4
      vertex 41.47643621265888 -32.25 3.4
    endloop
  endfacet
  facet normal 0 0 1
    outer loop
      vertex 7.5 -32.25 3.4
      vertex 42.89709680527449 -33.956217885017395 3.4
      vertex 44.28867992013693 -33.82467455416918 3.4
    endloop
  endfacet
  facet normal 0 0 1
    outer loop
      vertex 7.5 -32.25 3.4
      vertex 41.50392731279135 -34 3.4
      vertex 42.89709680527449 -33.956217885017395 3.4
    endloop
  endfacet
  facet normal 0 0 1
    outer loop
      vertex 41.50392731279135 -34 3.4
      vertex 7.5 -32.25 3.4
      vertex 5.75 -34 3.4
    endloop
  endfacet
  facet normal 0 0 1
    outer loop
      vertex 60.55972945690155 -19.296280674636364 3.4
      vertex 62.18764156848192 -19.94081673026085 3.4
      vertex 62.661124870181084 -18.62566626816988 3.4
    endloop
  endfacet
  facet normal 0 0 1
    outer loop
      vertex 60.99595429748297 -18.08461956679821 3.4
      vertex 62.661124870181084 -18.62566626816988 3.4
      vertex 63.05109488219023 -17.283380687236786 3.4
    endloop
  endfacet
  facet normal 0 0 1
    outer loop
      vertex 7.5 -32.25 3.4
      vertex 7.5 -23.25 3.4
      vertex 5.75 -34 3.4
    endloop
  endfacet
  facet normal 0 0 1
    outer loop
      vertex 5.75 -34 3.4
      vertex 7.5 -23.25 3.4
      vertex 5.75 -25 3.4
    endloop
  endfacet
  facet normal 0 0 1
    outer loop
      vertex 4.5 -23.25 3.4
      vertex 4.5 -11.25 3.4
      vertex 2.75 -25 3.4
    endloop
  endfacet
  facet normal 0 0 1
    outer loop
      vertex 4.5 -23.25 3.4
      vertex 2.75 -25 3.4
      vertex 5.75 -25 3.4
    endloop
  endfacet
  facet normal 0 0 1
    outer loop
      vertex 5.75 -25 3.4
      vertex 7.5 -23.25 3.4
      vertex 4.5 -23.25 3.4
    endloop
  endfacet
  facet normal 0 0 1
    outer loop
      vertex -0.25 -13 3.4
      vertex 1.5 -4.25 3.4
      vertex -0.25 -2.5 3.4
    endloop
  endfacet
  facet normal 0 0 1
    outer loop
      vertex 2.75 -25 3.4
      vertex 4.5 -11.25 3.4
      vertex 2.75 -13 3.4
    endloop
  endfacet
  facet normal 0 0 1
    outer loop
      vertex 1.5 -11.25 3.4
      vertex -0.25 -13 3.4
      vertex 2.75 -13 3.4
    endloop
  endfacet
  facet normal 0 0 1
    outer loop
      vertex 2.75 -13 3.4
      vertex 4.5 -11.25 3.4
      vertex 1.5 -11.25 3.4
    endloop
  endfacet
  facet normal 0 0 1
    outer loop
      vertex 1.5 -11.25 3.4
      vertex 1.5 -4.25 3.4
      vertex -0.25 -13 3.4
    endloop
  endfacet
  facet normal 0 1 0
    outer loop
      vertex 2.75 -25 3.4
      vertex 2.75 -25 5
      vertex 5.75 -25 3.4
    endloop
  endfacet
  facet normal 1 0 0
    outer loop
      vertex 5.75 -25 3.4
      vertex 5.75 -25 5
      vertex 5.75 -34 3.4
    endloop
  endfacet
  facet normal 1 0 0
    outer loop
      vertex 5.75 -34 5
      vertex 5.75 -34 3.4
      vertex 5.75 -25 5
    endloop
  endfacet
  facet normal 0 1 0
    outer loop
      vertex 5.75 -25 5
      vertex 5.75 -25 3.4
      vertex 2.75 -25 5
    endloop
  endfacet
  facet normal 1 0 0
    outer loop
      vertex 2.75 -25 5
      vertex 2.75 -25 3.4
      vertex 2.75 -13 5
    endloop
  endfacet
  facet normal 1 0 0
    outer loop
      vertex -0.25 -2.5 3.4
      vertex -0.25 -2.5 5
      vertex -0.25 -13 3.4
    endloop
  endfacet
  facet normal 1 0 0
    outer loop
      vertex 2.75 -13 3.4
      vertex 2.75 -13 5
      vertex 2.75 -25 3.4
    endloop
  endfacet
  facet normal 0 1 0
    outer loop
      vertex -0.25 -13 3.4
      vertex -0.25 -13 5
      vertex 2.75 -13 3.4
    endloop
  endfacet
  facet normal 1 0 0
    outer loop
      vertex -0.25 -13 5
      vertex -0.25 -13 3.4
      vertex -0.25 -2.5 5
    endloop
  endfacet
  facet normal 0 0 1
    outer loop
      vertex 46.597958497703075 -31.605237551033497 3.4
      vertex 48.37566626816988 -32.911124870181084 3.4
      vertex 49.69081673026085 -32.43764156848192 3.4
    endloop
  endfacet
  facet normal -0.21814324328054996 0.9759167615176217 0
    outer loop
      vertex 46.597958497703075 -31.605237551033497 0
      vertex 45.34117824584246 -31.886161223053932 3.4
      vertex 46.597958497703075 -31.605237551033497 3.4
    endloop
  endfacet
  facet normal -0.1564344605238523 0.9876883413104618 0
    outer loop
      vertex 45.34117824584246 -31.886161223053932 0
      vertex 44.06923849880695 -32.08761668205261 3.4
      vertex 45.34117824584246 -31.886161223053932 3.4
    endloop
  endfacet
  facet normal -0.09410831223876874 0.995561964705146 0
    outer loop
      vertex 44.06923849880695 -32.08761668205261 0
      vertex 42.787159062922 -32.20880886912346 3.4
      vertex 44.06923849880695 -32.08761668205261 3.4
    endloop
  endfacet
  facet normal -0.03141076355381144 0.9995065602250777 0
    outer loop
      vertex 42.787159062922 -32.20880886912346 0
      vertex 41.47643621265888 -32.25 3.4
      vertex 42.787159062922 -32.20880886912346 3.4
    endloop
  endfacet
  facet normal 0 1 0
    outer loop
      vertex 41.47643621265888 -32.25 0
      vertex 7.5 -32.25 3.4
      vertex 41.47643621265888 -32.25 3.4
    endloop
  endfacet
  facet normal -0.9995065602922865 0.031410761415187345 0
    outer loop
      vertex 61.95880886912346 -13.037159070372581 3.4
      vertex 62.046398878097534 -10.25 0
      vertex 61.95880886912346 -13.037159070372581 0
    endloop
  endfacet
  facet normal -0.9955619646539071 0.09410831278081926 0
    outer loop
      vertex 61.83761668205261 -14.319238498806953 3.4
      vertex 61.95880886912346 -13.037159070372581 0
      vertex 61.83761668205261 -14.319238498806953 0
    endloop
  endfacet
  facet normal -0.9876883413104618 0.1564344605238523 0
    outer loop
      vertex 61.63616122305393 -15.591178245842457 3.4
      vertex 61.83761668205261 -14.319238498806953 0
      vertex 61.63616122305393 -15.591178245842457 0
    endloop
  endfacet
  facet normal -0.9759167615176217 0.21814324328054996 0
    outer loop
      vertex 61.3552375510335 -16.847958497703075 0
      vertex 61.3552375510335 -16.847958497703075 3.4
      vertex 61.63616122305393 -15.591178245842457 0
    endloop
  endfacet
  facet normal -0.9602936856137843 0.27899110625662293 0
    outer loop
      vertex 60.99595429748297 -18.08461956679821 0
      vertex 60.99595429748297 -18.08461956679821 3.4
      vertex 61.3552375510335 -16.847958497703075 0
    endloop
  endfacet
  facet normal -0.9408807690247257 0.3387379200494694 0
    outer loop
      vertex 60.55972945690155 -19.296280674636364 3.4
      vertex 60.99595429748297 -18.08461956679821 0
      vertex 60.55972945690155 -19.296280674636364 0
    endloop
  endfacet
  facet normal -0.9177546253455285 0.39714789141689844 0
    outer loop
      vertex 60.04828452318907 -20.478160180151463 3.4
      vertex 60.55972945690155 -19.296280674636364 0
      vertex 60.04828452318907 -20.478160180151463 0
    endloop
  endfacet
  facet normal -0.8910065227917789 0.4539905024805069 0
    outer loop
      vertex 59.463638022542 -21.625593535602093 3.4
      vertex 60.04828452318907 -20.478160180151463 0
      vertex 59.463638022542 -21.625593535602093 0
    endloop
  endfacet
  facet normal -0.8607420290164381 0.5090414123474293 0
    outer loop
      vertex 58.808097183704376 -22.734052568674088 3.4
      vertex 59.463638022542 -21.625593535602093 0
      vertex 58.808097183704376 -22.734052568674088 0
    endloop
  endfacet
  facet normal -0.8270805740329072 0.5620833782077146 0
    outer loop
      vertex 58.08424931764603 -23.799162358045578 3.4
      vertex 58.808097183704376 -22.734052568674088 0
      vertex 58.08424931764603 -23.799162358045578 0
    endloop
  endfacet
  facet normal -0.7901550112618131 0.6129070550889784 0
    outer loop
      vertex 57.29495092481375 -24.816719710826874 3.4
      vertex 58.08424931764603 -23.799162358045578 0
      vertex 57.29495092481375 -24.816719710826874 0
    endloop
  endfacet
  facet normal -0.7501110704461181 0.6613118643984689 0
    outer loop
      vertex 56.443317010998726 -25.782708771526814 0
      vertex 56.443317010998726 -25.782708771526814 3.4
      vertex 57.29495092481375 -24.816719710826874 0
    endloop
  endfacet
  facet normal -0.7071067811865475 0.7071067811865475 0
    outer loop
      vertex 55.53270877152681 -26.693317010998726 3.4
      vertex 56.443317010998726 -25.782708771526814 0
      vertex 55.53270877152681 -26.693317010998726 0
    endloop
  endfacet
  facet normal -0.6613118643984689 0.7501110704461181 0
    outer loop
      vertex 54.566719710826874 -27.544950924813747 3.4
      vertex 55.53270877152681 -26.693317010998726 0
      vertex 54.566719710826874 -27.544950924813747 0
    endloop
  endfacet
  facet normal -0.6129070550889784 0.7901550112618131 0
    outer loop
      vertex 53.54916235804558 -28.334249317646027 3.4
      vertex 54.566719710826874 -27.544950924813747 0
      vertex 53.54916235804558 -28.334249317646027 0
    endloop
  endfacet
  facet normal -0.5620833782077146 0.8270805740329072 0
    outer loop
      vertex 52.48405256867409 -29.058097183704376 3.4
      vertex 53.54916235804558 -28.334249317646027 0
      vertex 52.48405256867409 -29.058097183704376 0
    endloop
  endfacet
  facet normal -0.5090414123474293 0.8607420290164381 0
    outer loop
      vertex 51.37559353560209 -29.713638022542 3.4
      vertex 52.48405256867409 -29.058097183704376 0
      vertex 51.37559353560209 -29.713638022542 0
    endloop
  endfacet
  facet normal -0.4539905024805069 0.8910065227917789 0
    outer loop
      vertex 50.22816018015146 -30.298284523189068 3.4
      vertex 51.37559353560209 -29.713638022542 0
      vertex 50.22816018015146 -30.298284523189068 0
    endloop
  endfacet
  facet normal -0.39714789141689844 0.9177546253455285 0
    outer loop
      vertex 49.046280674636364 -30.80972945690155 3.4
      vertex 50.22816018015146 -30.298284523189068 0
      vertex 49.046280674636364 -30.80972945690155 0
    endloop
  endfacet
  facet normal -0.3387379200494694 0.9408807690247257 0
    outer loop
      vertex 47.83461956679821 -31.245954297482967 3.4
      vertex 49.046280674636364 -30.80972945690155 0
      vertex 47.83461956679821 -31.245954297482967 0
    endloop
  endfacet
  facet normal -0.27899110625662293 0.9602936856137843 0
    outer loop
      vertex 46.597958497703075 -31.605237551033497 3.4
      vertex 47.83461956679821 -31.245954297482967 0
      vertex 46.597958497703075 -31.605237551033497 0
    endloop
  endfacet
  facet normal -0.21814324328054996 0.9759167615176217 0
    outer loop
      vertex 45.34117824584246 -31.886161223053932 3.4
      vertex 46.597958497703075 -31.605237551033497 0
      vertex 45.34117824584246 -31.886161223053932 0
    endloop
  endfacet
  facet normal -0.1564344605238523 0.9876883413104618 0
    outer loop
      vertex 44.06923849880695 -32.08761668205261 3.4
      vertex 45.34117824584246 -31.886161223053932 0
      vertex 44.06923849880695 -32.08761668205261 0
    endloop
  endfacet
  facet normal -0.09410831223876874 0.995561964705146 0
    outer loop
      vertex 42.787159062922 -32.20880886912346 3.4
      vertex 44.06923849880695 -32.08761668205261 0
      vertex 42.787159062922 -32.20880886912346 0
    endloop
  endfacet
  facet normal -0.03141076355381144 0.9995065602250777 0
    outer loop
      vertex 41.47643621265888 -32.25 0
      vertex 41.47643621265888 -32.25 3.4
      vertex 42.787159062922 -32.20880886912346 0
    endloop
  endfacet
  facet normal 0 1 0
    outer loop
      vertex 7.5 -32.25 0
      vertex 7.5 -32.25 3.4
      vertex 41.47643621265888 -32.25 0
    endloop
  endfacet
  facet normal 1 0 0
    outer loop
      vertex 1.5 -11.25 0
      vertex 1.5 -4.25 3.4
      vertex 1.5 -11.25 3.4
    endloop
  endfacet
  facet normal 0 1 0
    outer loop
      vertex 4.5 -11.25 0
      vertex 1.5 -11.25 3.4
      vertex 4.5 -11.25 3.4
    endloop
  endfacet
  facet normal 1 0 0
    outer loop
      vertex 4.5 -23.25 0
      vertex 4.5 -11.25 3.4
      vertex 4.5 -23.25 3.4
    endloop
  endfacet
  facet normal 0 1 0
    outer loop
      vertex 7.5 -23.25 0
      vertex 4.5 -23.25 3.4
      vertex 7.5 -23.25 3.4
    endloop
  endfacet
  facet normal 1 0 0
    outer loop
      vertex 7.5 -32.25 0
      vertex 7.5 -23.25 3.4
      vertex 7.5 -32.25 3.4
    endloop
  endfacet
  facet normal 1 0 0
    outer loop
      vertex 1.5 -4.25 3.4
      vertex 1.5 -11.25 0
      vertex 1.5 -4.25 0
    endloop
  endfacet
  facet normal 0 1 0
    outer loop
      vertex 1.5 -11.25 3.4
      vertex 4.5 -11.25 0
      vertex 1.5 -11.25 0
    endloop
  endfacet
  facet normal 1 0 0
    outer loop
      vertex 4.5 -11.25 3.4
      vertex 4.5 -23.25 0
      vertex 4.5 -11.25 0
    endloop
  endfacet
  facet normal 0 1 0
    outer loop
      vertex 4.5 -23.25 3.4
      vertex 7.5 -23.25 0
      vertex 4.5 -23.25 0
    endloop
  endfacet
  facet normal 1 0 0
    outer loop
      vertex 7.5 -23.25 3.4
      vertex 7.5 -32.25 0
      vertex 7.5 -23.25 0
    endloop
  endfacet
  facet normal -0.27899110625662293 0.9602936856137843 0
    outer loop
      vertex 47.83461956679821 -31.245954297482967 0
      vertex 46.597958497703075 -31.605237551033497 3.4
      vertex 47.83461956679821 -31.245954297482967 3.4
    endloop
  endfacet
  facet normal -0.3387379200494694 0.9408807690247257 0
    outer loop
      vertex 49.046280674636364 -30.80972945690155 0
      vertex 47.83461956679821 -31.245954297482967 3.4
      vertex 49.046280674636364 -30.80972945690155 3.4
    endloop
  endfacet
  facet normal -0.39714789141689844 0.9177546253455285 0
    outer loop
      vertex 50.22816018015146 -30.298284523189068 0
      vertex 49.046280674636364 -30.80972945690155 3.4
      vertex 50.22816018015146 -30.298284523189068 3.4
    endloop
  endfacet
  facet normal -0.4539905024805069 0.8910065227917789 0
    outer loop
      vertex 51.37559353560209 -29.713638022542 0
      vertex 50.22816018015146 -30.298284523189068 3.4
      vertex 51.37559353560209 -29.713638022542 3.4
    endloop
  endfacet
  facet normal -0.5090414123474293 0.8607420290164381 0
    outer loop
      vertex 52.48405256867409 -29.058097183704376 0
      vertex 51.37559353560209 -29.713638022542 3.4
      vertex 52.48405256867409 -29.058097183704376 3.4
    endloop
  endfacet
  facet normal -0.5620833782077146 0.8270805740329072 0
    outer loop
      vertex 53.54916235804558 -28.334249317646027 0
      vertex 52.48405256867409 -29.058097183704376 3.4
      vertex 53.54916235804558 -28.334249317646027 3.4
    endloop
  endfacet
  facet normal -0.6129070550889784 0.7901550112618131 0
    outer loop
      vertex 54.566719710826874 -27.544950924813747 0
      vertex 53.54916235804558 -28.334249317646027 3.4
      vertex 54.566719710826874 -27.544950924813747 3.4
    endloop
  endfacet
  facet normal -0.6613118643984689 0.7501110704461181 0
    outer loop
      vertex 55.53270877152681 -26.693317010998726 0
      vertex 54.566719710826874 -27.544950924813747 3.4
      vertex 55.53270877152681 -26.693317010998726 3.4
    endloop
  endfacet
  facet normal -0.7071067811865475 0.7071067811865475 0
    outer loop
      vertex 56.443317010998726 -25.782708771526814 0
      vertex 55.53270877152681 -26.693317010998726 3.4
      vertex 56.443317010998726 -25.782708771526814 3.4
    endloop
  endfacet
  facet normal -0.7501110704461181 0.6613118643984689 0
    outer loop
      vertex 57.29495092481375 -24.816719710826874 0
      vertex 56.443317010998726 -25.782708771526814 3.4
      vertex 57.29495092481375 -24.816719710826874 3.4
    endloop
  endfacet
  facet normal -0.7901550112618131 0.6129070550889784 0
    outer loop
      vertex 58.08424931764603 -23.799162358045578 0
      vertex 57.29495092481375 -24.816719710826874 3.4
      vertex 58.08424931764603 -23.799162358045578 3.4
    endloop
  endfacet
  facet normal -0.8270805740329072 0.5620833782077146 0
    outer loop
      vertex 58.808097183704376 -22.734052568674088 0
      vertex 58.08424931764603 -23.799162358045578 3.4
      vertex 58.808097183704376 -22.734052568674088 3.4
    endloop
  endfacet
  facet normal -0.8607420290164381 0.5090414123474293 0
    outer loop
      vertex 59.463638022542 -21.625593535602093 0
      vertex 58.808097183704376 -22.734052568674088 3.4
      vertex 59.463638022542 -21.625593535602093 3.4
    endloop
  endfacet
  facet normal -0.8910065227917789 0.4539905024805069 0
    outer loop
      vertex 60.04828452318907 -20.478160180151463 0
      vertex 59.463638022542 -21.625593535602093 3.4
      vertex 60.04828452318907 -20.478160180151463 3.4
    endloop
  endfacet
  facet normal -0.9177546253455285 0.39714789141689844 0
    outer loop
      vertex 60.55972945690155 -19.296280674636364 0
      vertex 60.04828452318907 -20.478160180151463 3.4
      vertex 60.55972945690155 -19.296280674636364 3.4
    endloop
  endfacet
  facet normal 0 -1 0
    outer loop
      vertex 1.5 -4.25 0
      vertex 149.5 -4.25 3.4
      vertex 1.5 -4.25 3.4
    endloop
  endfacet
  facet normal -0.9408807690247257 0.3387379200494694 0
    outer loop
      vertex 60.99595429748297 -18.08461956679821 0
      vertex 60.55972945690155 -19.296280674636364 3.4
      vertex 60.99595429748297 -18.08461956679821 3.4
    endloop
  endfacet
  facet normal -0.9602936856137843 0.27899110625662293 0
    outer loop
      vertex 61.3552375510335 -16.847958497703075 0
      vertex 60.99595429748297 -18.08461956679821 3.4
      vertex 61.3552375510335 -16.847958497703075 3.4
    endloop
  endfacet
  facet normal -0.9759167615176217 0.21814324328054996 0
    outer loop
      vertex 61.63616122305393 -15.591178245842457 0
      vertex 61.3552375510335 -16.847958497703075 3.4
      vertex 61.63616122305393 -15.591178245842457 3.4
    endloop
  endfacet
  facet normal -0.9876883413104618 0.1564344605238523 0
    outer loop
      vertex 61.83761668205261 -14.319238498806953 0
      vertex 61.63616122305393 -15.591178245842457 3.4
      vertex 61.83761668205261 -14.319238498806953 3.4
    endloop
  endfacet
  facet normal -0.9955619646539071 0.09410831278081926 0
    outer loop
      vertex 61.95880886912346 -13.037159070372581 0
      vertex 61.83761668205261 -14.319238498806953 3.4
      vertex 61.95880886912346 -13.037159070372581 3.4
    endloop
  endfacet
  facet normal -0.9995065602922865 0.031410761415187345 0
    outer loop
      vertex 62.046398878097534 -10.25 0
      vertex 61.95880886912346 -13.037159070372581 3.4
      vertex 62.046398878097534 -10.25 3.4
    endloop
  endfacet
  facet normal 0 1 0
    outer loop
      vertex 62.046398878097534 -10.25 0
      vertex 62.046398878097534 -10.25 3.4
      vertex 149.5 -10.25 0
    endloop
  endfacet
  facet normal 0 -1 0
    outer loop
      vertex 1.5 -4.25 0
      vertex 149.5 -4.25 0
      vertex 149.5 -4.25 3.4
    endloop
  endfacet
  facet normal 0 1 0
    outer loop
      vertex 149.5 -10.25 0
      vertex 62.046398878097534 -10.25 3.4
      vertex 149.5 -10.25 3.4
    endloop
  endfacet
  facet normal -1 0 0
    outer loop
      vertex 149.5 -10.25 0
      vertex 149.5 -10.25 3.4
      vertex 149.5 -4.25 0
    endloop
  endfacet
  facet normal -1 0 0
    outer loop
      vertex 149.5 -4.25 0
      vertex 149.5 -10.25 3.4
      vertex 149.5 -4.25 3.4
    endloop
  endfacet
  facet normal 0 0 -1
    outer loop
      vertex 4.5 -23.25 0
      vertex 7.5 -32.25 0
      vertex -44.5 -78.5 0
    endloop
  endfacet
  facet normal 0 0 1
    outer loop
      vertex 151.25 12 5
      vertex 151.25 2.5 5
      vertex 195.5 78.5 5
    endloop
  endfacet
  facet normal 0 0 1
    outer loop
      vertex 2.75 25 5
      vertex 5.75 34 5
      vertex -44.5 78.5 5
    endloop
  endfacet
  facet normal 0 0 1
    outer loop
      vertex 2.75 25 5
      vertex 5.75 25 5
      vertex 5.75 34 5
    endloop
  endfacet
  facet normal 0 0 1
    outer loop
      vertex -0.25 13 5
      vertex 2.75 25 5
      vertex -44.5 78.5 5
    endloop
  endfacet
  facet normal 0 0 1
    outer loop
      vertex 195.5 78.5 5
      vertex -44.5 78.5 5
      vertex 41.50392731279135 34 5
    endloop
  endfacet
  facet normal 0 0 -1
    outer loop
      vertex 195.5 -78.5 0
      vertex 41.47643621265888 -32.25 0
      vertex 42.787159062922 -32.20880886912346 0
    endloop
  endfacet
  facet normal 0 0 -1
    outer loop
      vertex 195.5 -78.5 0
      vertex 42.787159062922 -32.20880886912346 0
      vertex 44.06923849880695 -32.08761668205261 0
    endloop
  endfacet
  facet normal 0 0 -1
    outer loop
      vertex 195.5 -78.5 0
      vertex 44.06923849880695 -32.08761668205261 0
      vertex 45.34117824584246 -31.886161223053932 0
    endloop
  endfacet
  facet normal 0 0 -1
    outer loop
      vertex 195.5 -78.5 0
      vertex 45.34117824584246 -31.886161223053932 0
      vertex 46.597958497703075 -31.605237551033497 0
    endloop
  endfacet
  facet normal 0 0 -1
    outer loop
      vertex 195.5 -78.5 0
      vertex 46.597958497703075 -31.605237551033497 0
      vertex 47.83461956679821 -31.245954297482967 0
    endloop
  endfacet
  facet normal 0 0 -1
    outer loop
      vertex 195.5 -78.5 0
      vertex 47.83461956679821 -31.245954297482967 0
      vertex 49.046280674636364 -30.80972945690155 0
    endloop
  endfacet
  facet normal 0 0 -1
    outer loop
      vertex 195.5 -78.5 0
      vertex 49.046280674636364 -30.80972945690155 0
      vertex 50.22816018015146 -30.298284523189068 0
    endloop
  endfacet
  facet normal 0 0 -1
    outer loop
      vertex 195.5 -78.5 0
      vertex 50.22816018015146 -30.298284523189068 0
      vertex 51.37559353560209 -29.713638022542 0
    endloop
  endfacet
  facet normal 0 0 -1
    outer loop
      vertex 195.5 -78.5 0
      vertex 51.37559353560209 -29.713638022542 0
      vertex 52.48405256867409 -29.058097183704376 0
    endloop
  endfacet
  facet normal 0 0 -1
    outer loop
      vertex 149.5 -10.25 0
      vertex 195.5 -78.5 0
      vertex 52.48405256867409 -29.058097183704376 0
    endloop
  endfacet
  facet normal 0 -1 0
    outer loop
      vertex 195.5 -78.5 5
      vertex -44.5 -78.5 0
      vertex 195.5 -78.5 0
    endloop
  endfacet
  facet normal 0 0 -1
    outer loop
      vertex 149.5 -10.25 0
      vertex 52.48405256867409 -29.058097183704376 0
      vertex 53.54916235804558 -28.334249317646027 0
    endloop
  endfacet
  facet normal 0 0 -1
    outer loop
      vertex 149.5 -10.25 0
      vertex 53.54916235804558 -28.334249317646027 0
      vertex 54.566719710826874 -27.544950924813747 0
    endloop
  endfacet
  facet normal 0 0 -1
    outer loop
      vertex 149.5 -10.25 0
      vertex 54.566719710826874 -27.544950924813747 0
      vertex 55.53270877152681 -26.693317010998726 0
    endloop
  endfacet
  facet normal 0 0 -1
    outer loop
      vertex 149.5 -10.25 0
      vertex 55.53270877152681 -26.693317010998726 0
      vertex 56.443317010998726 -25.782708771526814 0
    endloop
  endfacet
  facet normal 0 0 -1
    outer loop
      vertex 149.5 -10.25 0
      vertex 56.443317010998726 -25.782708771526814 0
      vertex 57.29495092481375 -24.816719710826874 0
    endloop
  endfacet
  facet normal 0 0 -1
    outer loop
      vertex 149.5 -10.25 0
      vertex 57.29495092481375 -24.816719710826874 0
      vertex 58.08424931764603 -23.799162358045578 0
    endloop
  endfacet
  facet normal 0 0 -1
    outer loop
      vertex 149.5 -10.25 0
      vertex 58.08424931764603 -23.799162358045578 0
      vertex 58.808097183704376 -22.734052568674088 0
    endloop
  endfacet
  facet normal 0 0 -1
    outer loop
      vertex 149.5 -10.25 0
      vertex 58.808097183704376 -22.734052568674088 0
      vertex 59.463638022542 -21.625593535602093 0
    endloop
  endfacet
  facet normal 0 0 -1
    outer loop
      vertex 149.5 -10.25 0
      vertex 59.463638022542 -21.625593535602093 0
      vertex 60.04828452318907 -20.478160180151463 0
    endloop
  endfacet
  facet normal 0 0 -1
    outer loop
      vertex 149.5 -10.25 0
      vertex 60.04828452318907 -20.478160180151463 0
      vertex 60.55972945690155 -19.296280674636364 0
    endloop
  endfacet
  facet normal 0 0 -1
    outer loop
      vertex 149.5 -10.25 0
      vertex 60.55972945690155 -19.296280674636364 0
      vertex 60.99595429748297 -18.08461956679821 0
    endloop
  endfacet
  facet normal 0 0 -1
    outer loop
      vertex 149.5 -10.25 0
      vertex 60.99595429748297 -18.08461956679821 0
      vertex 61.3552375510335 -16.847958497703075 0
    endloop
  endfacet
  facet normal 0 0 -1
    outer loop
      vertex 149.5 -10.25 0
      vertex 61.3552375510335 -16.847958497703075 0
      vertex 61.63616122305393 -15.591178245842457 0
    endloop
  endfacet
  facet normal 0 0 -1
    outer loop
      vertex 149.5 -10.25 0
      vertex 61.63616122305393 -15.591178245842457 0
      vertex 61.83761668205261 -14.319238498806953 0
    endloop
  endfacet
  facet normal 0 0 -1
    outer loop
      vertex 149.5 -10.25 0
      vertex 61.83761668205261 -14.319238498806953 0
      vertex 61.95880886912346 -13.037159070372581 0
    endloop
  endfacet
  facet normal 0 0 -1
    outer loop
      vertex 149.5 -10.25 0
      vertex 61.95880886912346 -13.037159070372581 0
      vertex 62.046398878097534 -10.25 0
    endloop
  endfacet
  facet normal 0 0 -1
    outer loop
      vertex 149.5 -4.25 0
      vertex 1.5 -4.25 0
      vertex 149.5 4.25 0
    endloop
  endfacet
  facet normal 0 0 1
    outer loop
      vertex -0.25 13 5
      vertex 2.75 13 5
      vertex 2.75 25 5
    endloop
  endfacet
  facet normal 0 0 1
    outer loop
      vertex -0.25 13 5
      vertex -44.5 78.5 5
      vertex -44.5 -78.5 5
    endloop
  endfacet
  facet normal 0 0 -1
    outer loop
      vertex 1.5 -11.25 0
      vertex -44.5 -78.5 0
      vertex -44.5 78.5 0
    endloop
  endfacet
  facet normal 0 0 -1
    outer loop
      vertex 149.5 -10.25 0
      vertex 149.5 -4.25 0
      vertex 195.5 -78.5 0
    endloop
  endfacet
  facet normal 0 0 -1
    outer loop
      vertex 149.5 -4.25 0
      vertex 149.5 4.25 0
      vertex 195.5 -78.5 0
    endloop
  endfacet
  facet normal 0 0 -1
    outer loop
      vertex 149.5 4.25 0
      vertex 149.5 10.25 0
      vertex 195.5 -78.5 0
    endloop
  endfacet
  facet normal 0 0 -1
    outer loop
      vertex 7.5 -32.25 0
      vertex 41.47643621265888 -32.25 0
      vertex -44.5 -78.5 0
    endloop
  endfacet
  facet normal 0 1 0
    outer loop
      vertex 195.5 78.5 0
      vertex -44.5 78.5 0
      vertex -44.5 78.5 5
    endloop
  endfacet
  facet normal 1 0 0
    outer loop
      vertex 195.5 -78.5 5
      vertex 195.5 -78.5 0
      vertex 195.5 78.5 0
    endloop
  endfacet
  facet normal 0 0 1
    outer loop
      vertex 41.50392731279135 -34 5
      vertex 5.75 -34 5
      vertex 195.5 -78.5 5
    endloop
  endfacet
  facet normal 0 0 1
    outer loop
      vertex 42.89709680527449 -33.956217885017395 5
      vertex 41.50392731279135 -34 5
      vertex 195.5 -78.5 5
    endloop
  endfacet
  facet normal 0 0 1
    outer loop
      vertex 44.28867992013693 -33.82467455416918 5
      vertex 42.89709680527449 -33.956217885017395 5
      vertex 195.5 -78.5 5
    endloop
  endfacet
  facet normal 0 0 1
    outer loop
      vertex 45.6692573800683 -33.60601256787777 5
      vertex 44.28867992013693 -33.82467455416918 5
      vertex 195.5 -78.5 5
    endloop
  endfacet
  facet normal 0 0 1
    outer loop
      vertex 47.033380687236786 -33.30109488219023 5
      vertex 45.6692573800683 -33.60601256787777 5
      vertex 195.5 -78.5 5
    endloop
  endfacet
  facet normal 0 0 1
    outer loop
      vertex 48.37566626816988 -32.911124870181084 5
      vertex 47.033380687236786 -33.30109488219023 5
      vertex 195.5 -78.5 5
    endloop
  endfacet
  facet normal 0 0 1
    outer loop
      vertex 49.69081673026085 -32.43764156848192 5
      vertex 48.37566626816988 -32.911124870181084 5
      vertex 195.5 -78.5 5
    endloop
  endfacet
  facet normal 0 0 1
    outer loop
      vertex 50.97364178299904 -31.882513590157032 5
      vertex 49.69081673026085 -32.43764156848192 5
      vertex 195.5 -78.5 5
    endloop
  endfacet
  facet normal 0 0 1
    outer loop
      vertex 52.219078704714775 -31.24793178588152 5
      vertex 50.97364178299904 -31.882513590157032 5
      vertex 195.5 -78.5 5
    endloop
  endfacet
  facet normal 0 0 1
    outer loop
      vertex 53.422212325036526 -30.53640054911375 5
      vertex 52.219078704714775 -31.24793178588152 5
      vertex 195.5 -78.5 5
    endloop
  endfacet
  facet normal 0 0 1
    outer loop
      vertex 54.57829441130161 -29.750727973878384 5
      vertex 53.422212325036526 -30.53640054911375 5
      vertex 195.5 -78.5 5
    endloop
  endfacet
  facet normal 0 0 1
    outer loop
      vertex 55.68276244401932 -28.8940147459507 5
      vertex 54.57829441130161 -29.750727973878384 5
      vertex 195.5 -78.5 5
    endloop
  endfacet
  facet normal 0 0 1
    outer loop
      vertex 56.73125759512186 -27.969641931355 5
      vertex 55.68276244401932 -28.8940147459507 5
      vertex 195.5 -78.5 5
    endloop
  endfacet
  facet normal 0 0 1
    outer loop
      vertex 57.719641931355 -26.98125759512186 5
      vertex 56.73125759512186 -27.969641931355 5
      vertex 195.5 -78.5 5
    endloop
  endfacet
  facet normal 0 0 1
    outer loop
      vertex 58.6440147459507 -25.932762444019318 5
      vertex 57.719641931355 -26.98125759512186 5
      vertex 195.5 -78.5 5
    endloop
  endfacet
  facet normal 0 0 1
    outer loop
      vertex 59.500727973878384 -24.828294411301613 5
      vertex 58.6440147459507 -25.932762444019318 5
      vertex 195.5 -78.5 5
    endloop
  endfacet
  facet normal 0 0 1
    outer loop
      vertex 60.28640054911375 -23.672212325036526 5
      vertex 59.500727973878384 -24.828294411301613 5
      vertex 195.5 -78.5 5
    endloop
  endfacet
  facet normal 0 0 1
    outer loop
      vertex 60.99793178588152 -22.469078704714775 5
      vertex 60.28640054911375 -23.672212325036526 5
      vertex 195.5 -78.5 5
    endloop
  endfacet
  facet normal 0 0 1
    outer loop
      vertex 61.63251359015703 -21.22364178299904 5
      vertex 60.99793178588152 -22.469078704714775 5
      vertex 195.5 -78.5 5
    endloop
  endfacet
  facet normal 0 0 -1
    outer loop
      vertex 7.5 32.25 0
      vertex -44.5 78.5 0
      vertex 195.5 78.5 0
    endloop
  endfacet
  facet normal 0 0 -1
    outer loop
      vertex 1.5 4.25 0
      vertex 149.5 4.25 0
      vertex 1.5 -4.25 0
    endloop
  endfacet
  facet normal 0 0 -1
    outer loop
      vertex 7.5 32.25 0
      vertex 7.5 23.25 0
      vertex -44.5 78.5 0
    endloop
  endfacet
  facet normal 0 0 -1
    outer loop
      vertex 7.5 23.25 0
      vertex 4.5 23.25 0
      vertex -44.5 78.5 0
    endloop
  endfacet
  facet normal -1 0 0
    outer loop
      vertex -44.5 -78.5 0
      vertex -44.5 78.5 5
      vertex -44.5 78.5 0
    endloop
  endfacet
  facet normal 0 0 1
    outer loop
      vertex 151.25 -12 5
      vertex 62.18764156848192 -19.94081673026085 5
      vertex 61.63251359015703 -21.22364178299904 5
    endloop
  endfacet
  facet normal 0 0 1
    outer loop
      vertex 151.25 -12 5
      vertex 62.661124870181084 -18.62566626816988 5
      vertex 62.18764156848192 -19.94081673026085 5
    endloop
  endfacet
  facet normal 0 0 1
    outer loop
      vertex 151.25 -12 5
      vertex 63.05109488219023 -17.283380687236786 5
      vertex 62.661124870181084 -18.62566626816988 5
    endloop
  endfacet
  facet normal 0 0 1
    outer loop
      vertex 151.25 -12 5
      vertex 63.35601256787777 -15.919257380068302 5
      vertex 63.05109488219023 -17.283380687236786 5
    endloop
  endfacet
  facet normal 0 0 1
    outer loop
      vertex 151.25 -12 5
      vertex 63.57467455416918 -14.538679920136929 5
      vertex 63.35601256787777 -15.919257380068302 5
    endloop
  endfacet
  facet normal 0 0 1
    outer loop
      vertex 151.25 -12 5
      vertex 63.706217885017395 -13.147096805274487 5
      vertex 63.57467455416918 -14.538679920136929 5
    endloop
  endfacet
  facet normal 0 0 1
    outer loop
      vertex 151.25 -12 5
      vertex 63.74226685613394 -12 5
      vertex 63.706217885017395 -13.147096805274487 5
    endloop
  endfacet
  facet normal 0 0 -1
    outer loop
      vertex 4.5 23.25 0
      vertex 4.5 11.25 0
      vertex -44.5 78.5 0
    endloop
  endfacet
  facet normal 0 0 -1
    outer loop
      vertex 4.5 11.25 0
      vertex 1.5 11.25 0
      vertex -44.5 78.5 0
    endloop
  endfacet
  facet normal 0 0 -1
    outer loop
      vertex 1.5 11.25 0
      vertex 1.5 4.25 0
      vertex -44.5 78.5 0
    endloop
  endfacet
  facet normal 0 0 1
    outer loop
      vertex 151.25 -12 5
      vertex 61.63251359015703 -21.22364178299904 5
      vertex 195.5 -78.5 5
    endloop
  endfacet
  facet normal 0 0 1
    outer loop
      vertex 5.75 34 5
      vertex 41.50392731279135 34 5
      vertex -44.5 78.5 5
    endloop
  endfacet
  facet normal 0 0 -1
    outer loop
      vertex 1.5 -4.25 0
      vertex 1.5 -11.25 0
      vertex -44.5 78.5 0
    endloop
  endfacet
  facet normal 0 0 1
    outer loop
      vertex 151.25 -12 5
      vertex 195.5 -78.5 5
      vertex 195.5 78.5 5
    endloop
  endfacet
  facet normal 0 0 -1
    outer loop
      vertex 149.5 10.25 0
      vertex 60.99595429748297 18.08461956679821 0
      vertex 60.55972945690155 19.296280674636364 0
    endloop
  endfacet
  facet normal 0 0 -1
    outer loop
      vertex 149.5 10.25 0
      vertex 60.55972945690155 19.296280674636364 0
      vertex 60.04828452318907 20.478160180151463 0
    endloop
  endfacet
  facet normal 0 0 -1
    outer loop
      vertex 149.5 10.25 0
      vertex 62.046398878097534 10.25 0
      vertex 61.95880886912346 13.037159070372581 0
    endloop
  endfacet
  facet normal 0 0 -1
    outer loop
      vertex 149.5 10.25 0
      vertex 61.95880886912346 13.037159070372581 0
      vertex 61.83761668205261 14.319238498806953 0
    endloop
  endfacet
  facet normal 0 0 -1
    outer loop
      vertex 149.5 10.25 0
      vertex 61.83761668205261 14.319238498806953 0
      vertex 61.63616122305393 15.591178245842457 0
    endloop
  endfacet
  facet normal 0 0 -1
    outer loop
      vertex 149.5 10.25 0
      vertex 61.63616122305393 15.591178245842457 0
      vertex 61.3552375510335 16.847958497703075 0
    endloop
  endfacet
  facet normal 0 0 -1
    outer loop
      vertex 149.5 10.25 0
      vertex 61.3552375510335 16.847958497703075 0
      vertex 60.99595429748297 18.08461956679821 0
    endloop
  endfacet
  facet normal 0 0 1
    outer loop
      vertex -0.25 -2.5 5
      vertex 151.25 -2.5 5
      vertex -0.25 2.5 5
    endloop
  endfacet
  facet normal 0 0 -1
    outer loop
      vertex 195.5 78.5 0
      vertex 149.5 10.25 0
      vertex 60.04828452318907 20.478160180151463 0
    endloop
  endfacet
  facet normal 0 0 1
    outer loop
      vertex 5.75 -34 5
      vertex -44.5 -78.5 5
      vertex 195.5 -78.5 5
    endloop
  endfacet
  facet normal 0 -1 0
    outer loop
      vertex -44.5 -78.5 5
      vertex -44.5 -78.5 0
      vertex 195.5 -78.5 5
    endloop
  endfacet
  facet normal 0 0 -1
    outer loop
      vertex 41.47643621265888 32.25 0
      vertex 7.5 32.25 0
      vertex 195.5 78.5 0
    endloop
  endfacet
  facet normal 0 0 -1
    outer loop
      vertex 42.787159062922 32.20880886912346 0
      vertex 41.47643621265888 32.25 0
      vertex 195.5 78.5 0
    endloop
  endfacet
  facet normal 0 0 -1
    outer loop
      vertex 44.06923849880695 32.08761668205261 0
      vertex 42.787159062922 32.20880886912346 0
      vertex 195.5 78.5 0
    endloop
  endfacet
  facet normal 0 0 -1
    outer loop
      vertex 45.34117824584246 31.886161223053932 0
      vertex 44.06923849880695 32.08761668205261 0
      vertex 195.5 78.5 0
    endloop
  endfacet
  facet normal 0 0 -1
    outer loop
      vertex 46.597958497703075 31.605237551033497 0
      vertex 45.34117824584246 31.886161223053932 0
      vertex 195.5 78.5 0
    endloop
  endfacet
  facet normal 0 0 -1
    outer loop
      vertex 47.83461956679821 31.245954297482967 0
      vertex 46.597958497703075 31.605237551033497 0
      vertex 195.5 78.5 0
    endloop
  endfacet
  facet normal 0 0 -1
    outer loop
      vertex 47.83461956679821 31.245954297482967 0
      vertex 195.5 78.5 0
      vertex 49.046280674636364 30.80972945690155 0
    endloop
  endfacet
  facet normal 0 0 -1
    outer loop
      vertex 195.5 78.5 0
      vertex 60.04828452318907 20.478160180151463 0
      vertex 59.463638022542 21.625593535602093 0
    endloop
  endfacet
  facet normal 0 0 -1
    outer loop
      vertex 195.5 78.5 0
      vertex 58.808097183704376 22.734052568674088 0
      vertex 58.08424931764603 23.799162358045578 0
    endloop
  endfacet
  facet normal 0 0 -1
    outer loop
      vertex 195.5 78.5 0
      vertex 59.463638022542 21.625593535602093 0
      vertex 58.808097183704376 22.734052568674088 0
    endloop
  endfacet
  facet normal 0 0 -1
    outer loop
      vertex 195.5 78.5 0
      vertex 56.443317010998726 25.782708771526814 0
      vertex 55.53270877152681 26.693317010998726 0
    endloop
  endfacet
  facet normal 0 0 -1
    outer loop
      vertex 195.5 78.5 0
      vertex 57.29495092481375 24.816719710826874 0
      vertex 56.443317010998726 25.782708771526814 0
    endloop
  endfacet
  facet normal 0 0 -1
    outer loop
      vertex 195.5 78.5 0
      vertex 58.08424931764603 23.799162358045578 0
      vertex 57.29495092481375 24.816719710826874 0
    endloop
  endfacet
  facet normal 0 0 -1
    outer loop
      vertex 195.5 78.5 0
      vertex 50.22816018015146 30.298284523189068 0
      vertex 49.046280674636364 30.80972945690155 0
    endloop
  endfacet
  facet normal 0 0 -1
    outer loop
      vertex 195.5 78.5 0
      vertex 52.48405256867409 29.058097183704376 0
      vertex 51.37559353560209 29.713638022542 0
    endloop
  endfacet
  facet normal 0 0 -1
    outer loop
      vertex 195.5 78.5 0
      vertex 51.37559353560209 29.713638022542 0
      vertex 50.22816018015146 30.298284523189068 0
    endloop
  endfacet
  facet normal 0 0 -1
    outer loop
      vertex 195.5 78.5 0
      vertex 53.54916235804558 28.334249317646027 0
      vertex 52.48405256867409 29.058097183704376 0
    endloop
  endfacet
  facet normal 0 0 -1
    outer loop
      vertex 195.5 78.5 0
      vertex 54.566719710826874 27.544950924813747 0
      vertex 53.54916235804558 28.334249317646027 0
    endloop
  endfacet
  facet normal 0 0 -1
    outer loop
      vertex 195.5 78.5 0
      vertex 55.53270877152681 26.693317010998726 0
      vertex 54.566719710826874 27.544950924813747 0
    endloop
  endfacet
  facet normal 0 0 1
    outer loop
      vertex 2.75 -25 5
      vertex 2.75 -13 5
      vertex -0.25 -13 5
    endloop
  endfacet
  facet normal 0 0 -1
    outer loop
      vertex 149.5 10.25 0
      vertex 195.5 78.5 0
      vertex 195.5 -78.5 0
    endloop
  endfacet
  facet normal 0 0 1
    outer loop
      vertex 5.75 -34 5
      vertex 5.75 -25 5
      vertex 2.75 -25 5
    endloop
  endfacet
  facet normal 0 0 1
    outer loop
      vertex 2.75 -25 5
      vertex -0.25 -13 5
      vertex -44.5 -78.5 5
    endloop
  endfacet
  facet normal 0 0 1
    outer loop
      vertex -0.25 2.5 5
      vertex -0.25 13 5
      vertex -44.5 -78.5 5
    endloop
  endfacet
  facet normal 0 0 1
    outer loop
      vertex -0.25 -2.5 5
      vertex -0.25 2.5 5
      vertex -44.5 -78.5 5
    endloop
  endfacet
  facet normal 0 0 1
    outer loop
      vertex -0.25 -13 5
      vertex -0.25 -2.5 5
      vertex -44.5 -78.5 5
    endloop
  endfacet
  facet normal 0 0 1
    outer loop
      vertex 151.25 2.5 5
      vertex -0.25 2.5 5
      vertex 151.25 -2.5 5
    endloop
  endfacet
  facet normal -1 0 0
    outer loop
      vertex -44.5 -78.5 0
      vertex -44.5 -78.5 5
      vertex -44.5 78.5 5
    endloop
  endfacet
  facet normal 0 0 1
    outer loop
      vertex 63.706217885017395 13.147096805274487 5
      vertex 63.74226685613394 12 5
      vertex 151.25 12 5
    endloop
  endfacet
  facet normal 0 0 1
    outer loop
      vertex 63.57467455416918 14.538679920136929 5
      vertex 63.706217885017395 13.147096805274487 5
      vertex 151.25 12 5
    endloop
  endfacet
  facet normal 0 0 1
    outer loop
      vertex 63.35601256787777 15.919257380068302 5
      vertex 63.57467455416918 14.538679920136929 5
      vertex 151.25 12 5
    endloop
  endfacet
  facet normal 0 0 1
    outer loop
      vertex 62.661124870181084 18.62566626816988 5
      vertex 63.05109488219023 17.283380687236786 5
      vertex 151.25 12 5
    endloop
  endfacet
  facet normal 0 0 1
    outer loop
      vertex 63.05109488219023 17.283380687236786 5
      vertex 63.35601256787777 15.919257380068302 5
      vertex 151.25 12 5
    endloop
  endfacet
  facet normal 0 0 1
    outer loop
      vertex 5.75 -34 5
      vertex 2.75 -25 5
      vertex -44.5 -78.5 5
    endloop
  endfacet
  facet normal 0 0 1
    outer loop
      vertex 62.18764156848192 19.94081673026085 5
      vertex 62.661124870181084 18.62566626816988 5
      vertex 195.5 78.5 5
    endloop
  endfacet
  facet normal 0 1 0
    outer loop
      vertex 195.5 78.5 0
      vertex -44.5 78.5 5
      vertex 195.5 78.5 5
    endloop
  endfacet
  facet normal 0 0 1
    outer loop
      vertex 195.5 78.5 5
      vertex 41.50392731279135 34 5
      vertex 42.89709680527449 33.956217885017395 5
    endloop
  endfacet
  facet normal 0 0 1
    outer loop
      vertex 195.5 78.5 5
      vertex 42.89709680527449 33.956217885017395 5
      vertex 44.28867992013693 33.82467455416918 5
    endloop
  endfacet
  facet normal 0 0 1
    outer loop
      vertex 195.5 78.5 5
      vertex 44.28867992013693 33.82467455416918 5
      vertex 45.6692573800683 33.60601256787777 5
    endloop
  endfacet
  facet normal 0 0 1
    outer loop
      vertex 195.5 78.5 5
      vertex 45.6692573800683 33.60601256787777 5
      vertex 47.033380687236786 33.30109488219023 5
    endloop
  endfacet
  facet normal 0 0 1
    outer loop
      vertex 195.5 78.5 5
      vertex 47.033380687236786 33.30109488219023 5
      vertex 48.37566626816988 32.911124870181084 5
    endloop
  endfacet
  facet normal 0 0 1
    outer loop
      vertex 195.5 78.5 5
      vertex 48.37566626816988 32.911124870181084 5
      vertex 49.69081673026085 32.43764156848192 5
    endloop
  endfacet
  facet normal 0 0 1
    outer loop
      vertex 59.500727973878384 24.828294411301613 5
      vertex 60.28640054911375 23.672212325036526 5
      vertex 195.5 78.5 5
    endloop
  endfacet
  facet normal 0 0 1
    outer loop
      vertex 58.6440147459507 25.932762444019318 5
      vertex 59.500727973878384 24.828294411301613 5
      vertex 195.5 78.5 5
    endloop
  endfacet
  facet normal 0 0 1
    outer loop
      vertex 57.719641931355 26.98125759512186 5
      vertex 58.6440147459507 25.932762444019318 5
      vertex 195.5 78.5 5
    endloop
  endfacet
  facet normal 0 0 1
    outer loop
      vertex 53.422212325036526 30.53640054911375 5
      vertex 54.57829441130161 29.750727973878384 5
      vertex 195.5 78.5 5
    endloop
  endfacet
  facet normal 0 0 1
    outer loop
      vertex 195.5 78.5 5
      vertex 49.69081673026085 32.43764156848192 5
      vertex 50.97364178299904 31.882513590157032 5
    endloop
  endfacet
  facet normal 0 0 1
    outer loop
      vertex 195.5 78.5 5
      vertex 50.97364178299904 31.882513590157032 5
      vertex 52.219078704714775 31.24793178588152 5
    endloop
  endfacet
  facet normal 0 0 1
    outer loop
      vertex 195.5 78.5 5
      vertex 52.219078704714775 31.24793178588152 5
      vertex 53.422212325036526 30.53640054911375 5
    endloop
  endfacet
  facet normal 0 0 1
    outer loop
      vertex 55.68276244401932 28.8940147459507 5
      vertex 56.73125759512186 27.969641931355 5
      vertex 195.5 78.5 5
    endloop
  endfacet
  facet normal 0 0 1
    outer loop
      vertex 56.73125759512186 27.969641931355 5
      vertex 57.719641931355 26.98125759512186 5
      vertex 195.5 78.5 5
    endloop
  endfacet
  facet normal 0 0 1
    outer loop
      vertex 54.57829441130161 29.750727973878384 5
      vertex 55.68276244401932 28.8940147459507 5
      vertex 195.5 78.5 5
    endloop
  endfacet
  facet normal 0 0 1
    outer loop
      vertex 61.63251359015703 21.22364178299904 5
      vertex 62.18764156848192 19.94081673026085 5
      vertex 195.5 78.5 5
    endloop
  endfacet
  facet normal 0 0 1
    outer loop
      vertex 60.99793178588152 22.469078704714775 5
      vertex 61.63251359015703 21.22364178299904 5
      vertex 195.5 78.5 5
    endloop
  endfacet
  facet normal 0 0 1
    outer loop
      vertex 60.28640054911375 23.672212325036526 5
      vertex 60.99793178588152 22.469078704714775 5
      vertex 195.5 78.5 5
    endloop
  endfacet
  facet normal 0 0 -1
    outer loop
      vertex 195.5 -78.5 0
      vertex -44.5 -78.5 0
      vertex 41.47643621265888 -32.25 0
    endloop
  endfacet
  facet normal 0 0 -1
    outer loop
      vertex 1.5 -11.25 0
      vertex 4.5 -11.25 0
      vertex 4.5 -23.25 0
    endloop
  endfacet
  facet normal 1 0 0
    outer loop
      vertex 195.5 78.5 5
      vertex 195.5 -78.5 5
      vertex 195.5 78.5 0
    endloop
  endfacet
  facet normal 0 0 -1
    outer loop
      vertex 4.5 -23.25 0
      vertex 7.5 -23.25 0
      vertex 7.5 -32.25 0
    endloop
  endfacet
  facet normal 0 0 -1
    outer loop
      vertex 1.5 -11.25 0
      vertex 4.5 -23.25 0
      vertex -44.5 -78.5 0
    endloop
  endfacet
  facet normal 0 0 1
    outer loop
      vertex 62.661124870181084 18.62566626816988 5
      vertex 151.25 12 5
      vertex 195.5 78.5 5
    endloop
  endfacet
  facet normal 0 0 1
    outer loop
      vertex 151.25 -2.5 5
      vertex 151.25 -12 5
      vertex 195.5 78.5 5
    endloop
  endfacet
  facet normal 0 0 1
    outer loop
      vertex 151.25 2.5 5
      vertex 151.25 -2.5 5
      vertex 195.5 78.5 5
    endloop
  endfacet
  facet normal 0 0 -1
    outer loop
      vertex 1.5 4.25 0
      vertex 1.5 -4.25 0
      vertex -44.5 78.5 0
    endloop
  endfacet
endsolid OpenSCAD_Model
